ID_ESPACIA,AREA_OFICI,ENTIDAD_TE,NOM_DEPART,NOM_MUNICI,COD_DEPTO,R0
23189,644,Cabecera Municipal,CRDOBA,CINAGA DE ORO,23,1.685701398
23570,819,Cabecera Municipal,CRDOBA,PUEBLO NUEVO,23,1.999041768
23068,1929,Cabecera Municipal,CRDOBA,AYAPEL,23,2.517488407
23580,2062,Cabecera Municipal,CRDOBA,PUERTO LIBERTADOR,23,0.567878304
23686,470,Cabecera Municipal,CRDOBA,SAN PELAYO,23,1.17928522
70221,56,Cabecera Municipal,SUCRE,COVEAS,70,1.08743602
70523,174,Cabecera Municipal,SUCRE,PALMITO,70,1.419257522
70820,282,Cabecera Municipal,SUCRE,TOL,70,1.372219969
70713,1089,Cabecera Municipal,SUCRE,SAN ONOFRE,70,1.491172985
70473,168,Cabecera Municipal,SUCRE,MORROA,70,1.127378616
70418,211,Cabecera Municipal,SUCRE,LOS PALMITOS,70,1.249421805
70771,1130,Cabecera Municipal,SUCRE,SUCRE,70,2.453409425
70429,959,Cabecera Municipal,SUCRE,MAJAGUAL,70,1.912441283
13001,559,CAP. DEPTO Distrito Turstico y Cultural,BOLVAR,CARTAGENA DE INDIAS (Distrito Turstico y Cultural),13,1.256110468
13673,139,Cabecera Municipal,BOLVAR,SANTA CATALINA,13,1.37044572
13549,741,Cabecera Municipal,BOLVAR,PINILLOS,13,2.335152332
13074,416,Cabecera Municipal,BOLVAR,BARRANCO DE LOBA,13,1.524484409
13600,829,Cabecera Municipal,BOLVAR,RIOVIEJO,13,1.463692804
13473,1306,Cabecera Municipal,BOLVAR,MORALES,13,1.439141234
13688,2360,Cabecera Municipal,BOLVAR,SANTA ROSA DEL SUR,13,0.163821826
13160,870,Cabecera Municipal,BOLVAR,CANTAGALLO,13,0.817866619
13006,1025,Cabecera Municipal,BOLVAR,ACH,13,2.012598765
13030,304,Cabecera Municipal,BOLVAR,ALTOS DEL ROSARIO,13,1.899632735
13810,758,Cabecera Municipal,BOLVAR,TIQUISIO (Puerto Rico),13,0.880516781
8372,176,Cabecera Municipal,ATLANTICO,JUAN DE ACOSTA,8,1.661692783
8573,73,Cabecera Municipal,ATLANTICO,PUERTO COLOMBIA,8,1.488295227
8001,166,"CAP. DEPTO Distrito Especial, Industrial y Portuario",ATLANTICO,"BARRANQUILLA (Distrito Especial, Industrial y Portuario)",8,2.002755174
8685,67,Cabecera Municipal,ATLANTICO,SANTO TOMS,8,2.182121801
8520,94,Cabecera Municipal,ATLANTICO,PALMAR DE VARELA,8,2.032025874
8560,204,Cabecera Municipal,ATLANTICO,PONEDERA,8,2.274865222
8549,258,Cabecera Municipal,ATLANTICO,PIOJ,8,1.366772036
8832,176,Cabecera Municipal,ATLANTICO,TUBAR,8,1.206784887
91530,8394,Corregimiento Departamental,AMAZONAS,PUERTO ALEGRA (Cor. Departamental),91,1.352836592
91263,11074,Corregimiento Departamental,AMAZONAS,EL ENCANTO (Cor. Departamental),91,1.22103222
91536,13350,Corregimiento Departamental,AMAZONAS,PUERTO ARICA (Cor. Departamental),91,0.993242497
91798,8775,Corregimiento Departamental,AMAZONAS,TARAPAC (Cor. Departamental),91,1.000314704
91001,5829,CAP. DEPTO,AMAZONAS,LETICIA,91,0.930755605
91540,1475,Cabecera Municipal,AMAZONAS,PUERTO NARIO,91,0.693087128
91460,16564,Corregimiento Departamental,AMAZONAS,MIRIT-PARAN (Campoamor) (Cor. Departamental),91,1.17081315
91430,1443,Corregimiento Departamental,AMAZONAS,LA VICTORIA (Pacoa) (Cor. Departamental),91,0.97190226
91405,12461,Corregimiento Departamental,AMAZONAS,LA CHORRERA (Cor. Departamental),91,1.454265663
91669,14915,Corregimiento Departamental,AMAZONAS,SANTANDER (Araracuara) (Cor. Departamental),91,1.321108874
91407,15385,Corregimiento Departamental,AMAZONAS,LA PEDRERA (Cor. Departamental),91,0.708830817
95200,12914,Cabecera Municipal,GUAVIARE,MIRAFLORES,95,1.033378416
95025,10434,Cabecera Municipal,GUAVIARE,EL RETORNO,95,1.140810606
95015,16200,Cabecera Municipal,GUAVIARE,CALAMAR,95,1.152562849
95001,13912,CAP. DEPTO,GUAVIARE,SAN JOS DEL GUAVIARE,95,1.376674199
97666,6619,Cabecera Municipal,VAUPES,TARAIRA,97,0.951349683
97511,13910,Corregimiento Departamental,VAUPES,PACOA (Cor. Departamental),97,1.185628367
97161,6981,Cabecera Municipal,VAUPES,CARUR,97,0.966289356
97777,5435,Corregimiento Departamental,VAUPES,PAPUNAUA (Cor. Departamental),97,0.788193543
97001,16455,CAP. DEPTO,VAUPES,MIT,97,0.590300984
97889,4735,Corregimiento Departamental,VAUPES,YAVARAT (Cor. Departamental),97,0.639033673
94663,4501,Corregimiento Departamental,GUAINIA,MAPIRIPANA (Cor. Departamental),94,0.846533904
94343,10290,Corregimiento Departamental,GUAINIA,BARRANCO MINA (Cor. Departamental),94,0.738377113
94001,0,CAP. DEPTO,GUAINIA,INIRIDA,94,1.089579009
94886,2344,Corregimiento Departamental,GUAINIA,CACAHUAL (Cor. Departamental),94,1.488878055
94884,15922,Corregimiento Departamental,GUAINIA,PUERTO COLOMBIA (Cor. Departamental),94,0.64884585
94885,1167,Corregimiento Departamental,GUAINIA,LA GUADALUPE (Cor. Departamental),94,1.369100297
94888,8501,Corregimiento Departamental,GUAINIA,MORICHAL (Morichal Nuevo) (Cor. Departamental),94,0.896979443
94887,10285,Corregimiento Departamental,GUAINIA,PAN PAN (Campo Alegre) (Cor. Departamental),94,0.680330146
94883,3063,Corregimiento Departamental,GUAINIA,SAN FELIPE (Cor. Departamental),94,0.527670185
99624,2018,Cabecera Municipal,VICHADA,SANTA ROSALA,99,1.666949553
99524,20141,Cabecera Municipal,VICHADA,LA PRIMAVERA,99,2.269938676
99001,12409,CAP. DEPTO,VICHADA,PUERTO CARREO,99,2.949321247
99773,65674,Cabecera Municipal,VICHADA,CUMARIBO,99,1.466502818
50350,11231,Cabecera Municipal,META,LA MACARENA,50,0.805082557
50370,6307,Cabecera Municipal,META,URIBE,50,0.234498095
50330,1980,Cabecera Municipal,META,MESETAS,50,0.163753191
50683,1163,Cabecera Municipal,META,SAN JUAN DE ARAMA,50,0.473362458
50287,576,Cabecera Municipal,META,FUENTE DE ORO,50,0.801303689
50313,381,Cabecera Municipal,META,GRANADA,50,0.882363323
50689,6454,Cabecera Municipal,META,SAN MARTN,50,1.562083402
50223,1159,Cabecera Municipal,META,CUBARRAL,50,0.047640772
50150,503,Cabecera Municipal,META,CASTILLA LA NUEVA,50,0.628987059
50001,1328,CAP. DEPTO,META,VILLAVICENCIO,50,0.61929841
50226,580,Cabecera Municipal,META,CUMARAL,50,0.573720746
50110,668,Cabecera Municipal,META,BARRANCA DE UPA,50,0.897226212
50124,832,Cabecera Municipal,META,CABUYARO,50,1.089654319
50573,6239,Cabecera Municipal,META,PUERTO LPEZ,50,1.425556931
50680,814,Cabecera Municipal,META,SAN CARLOS DE GUAROA,50,0.932814962
50577,2061,Cabecera Municipal,META,PUERTO LLERAS,50,1.1611844
50590,3772,Cabecera Municipal,META,PUERTO RICO,50,1.477426759
50450,1298,Cabecera Municipal,META,PUERTO CONCORDIA,50,1.999090329
50325,11938,Cabecera Municipal,META,MAPIRIPN,50,1.722525516
50568,17536,Cabecera Municipal,META,PUERTO GAITN,50,1.504933968
50711,4749,Cabecera Municipal,META,VISTAHERMOSA,50,0.703692636
85440,803,Cabecera Municipal,CASANARE,VILLANUEVA,85,0.960974496
85300,408,Cabecera Municipal,CASANARE,SABANALARGA,85,0.526720666
85162,759,Cabecera Municipal,CASANARE,MONTERREY,85,0.613174831
85410,2391,Cabecera Municipal,CASANARE,TAURAMENA,85,0.959605457
85279,179,Cabecera Municipal,CASANARE,RECETOR,85,0.049339388
85010,1455,Cabecera Municipal,CASANARE,AGUAZUL,85,0.976627346
85001,2532,CAP. DEPTO,CASANARE,YOPAL,85,1.058302014
85225,1101,Cabecera Municipal,CASANARE,NUNCHA,85,1.096510356
85263,786,Cabecera Municipal,CASANARE,PORE,85,0.964562346
85430,2991,Cabecera Municipal,CASANARE,TRINIDAD,85,1.305971499
15223,1166,Cabecera Municipal,BOYAC,CUBAR,15,0.132217141
85325,3057,Cabecera Municipal,CASANARE,SAN LUIS DE PALENQUE,85,1.330192265
85139,3784,Cabecera Municipal,CASANARE,MAN,85,1.329094758
85230,4789,Cabecera Municipal,CASANARE,OROCU,85,1.499330933
81794,5542,Cabecera Municipal,ARAUCA,TAME,81,0.339449921
81736,907,Cabecera Municipal,ARAUCA,SARAVENA,81,0.207834408
81065,3060,Cabecera Municipal,ARAUCA,ARAUQUITA,81,0.460432555
81591,2313,Cabecera Municipal,ARAUCA,PUERTO RONDN,81,0.931822179
81001,5751,CAP. DEPTO,ARAUCA,ARAUCA,81,1.198185342
81220,5221,Cabecera Municipal,ARAUCA,CRAVO NORTE,81,1.591692195
44090,1744,Cabecera Municipal,LA GUAJIRA,DIBULLA,44,0.324278836
44001,3171,CAP. DEPTO,LA GUAJIRA,RIOHACHA,44,1.255789039
44650,1347,Cabecera Municipal,LA GUAJIRA,SAN JUAN DEL CESAR,44,0.658396147
44110,242,Cabecera Municipal,LA GUAJIRA,EL MOLINO,44,0.428470859
44874,270,Cabecera Municipal,LA GUAJIRA,VILLANUEVA,44,0.704664349
44855,249,Cabecera Municipal,LA GUAJIRA,URUMITA,44,0.370031165
44420,183,Cabecera Municipal,LA GUAJIRA,LA JAGUA DEL PILAR,44,0.887616376
44279,487,Cabecera Municipal,LA GUAJIRA,FONSECA,44,0.581982684
44078,793,Cabecera Municipal,LA GUAJIRA,BARRANCAS,44,0.796649151
44378,249,Cabecera Municipal,LA GUAJIRA,HATO NUEVO,44,0.611836418
44035,545,Cabecera Municipal,LA GUAJIRA,ALBANIA,44,1.404960691
44430,1789,Cabecera Municipal,LA GUAJIRA,MAICAO,44,1.725731915
44847,7904,Cabecera Municipal,LA GUAJIRA,URIBIA,44,1.777907763
44560,1643,Cabecera Municipal,LA GUAJIRA,MANAURE,44,1.623954172
47745,967,Cabecera Municipal,MAGDALENA,SITIONUEVO,47,1.595158388
47570,691,Cabecera Municipal,MAGDALENA,PUEBLOVIEJO,47,1.022390688
47189,1366,Cabecera Municipal,MAGDALENA,CINAGA,47,0.222419338
47001,2369,"CAP. DEPTO Distrito Turstico, Cultural e Histrico",MAGDALENA,SANTA MARTA (Distrito Turstico Cultural e Histrico),47,0.184357826
47288,922,Cabecera Municipal,MAGDALENA,FUNDACIN,47,0.437440416
47030,409,Cabecera Municipal,MAGDALENA,ALGARROBO,47,1.735565029
47660,1196,Cabecera Municipal,MAGDALENA,SABANAS DE SAN NGEL (San ngel),47,1.88439831
47268,268,Cabecera Municipal,MAGDALENA,EL RETN,47,1.48571179
47551,1636,Cabecera Municipal,MAGDALENA,PIVIJAY,47,1.711732523
47053,1755,Cabecera Municipal,MAGDALENA,ARACATACA,47,0.225941959
20621,1351,Cabecera Municipal,CESAR,LA PAZ,20,1.050458697
20443,144,Cabecera Municipal,CESAR,MANAURE BALCN DEL CESAR,20,0.131728749
20013,1739,Cabecera Municipal,CESAR,AGUSTN CODAZZI,20,1.479900496
20238,985,Cabecera Municipal,CESAR,EL COPEY,20,1.018664367
20045,1206,Cabecera Municipal,CESAR,BECERRIL,20,1.322556926
20400,752,Cabecera Municipal,CESAR,LA JAGUA DE IBIRICO,20,1.791228229
20178,1015,Cabecera Municipal,CESAR,CHIRIGUAN,20,2.361094014
20228,914,Cabecera Municipal,CESAR,CURUMAN,20,1.422430377
20310,76,Cabecera Municipal,CESAR,GONZLEZ,20,0.033130707
54245,1500,Cabecera Municipal,NORTE DE SANTANDER,EL CARMEN,54,0.108662802
54206,907,Cabecera Municipal,NORTE DE SANTANDER,CONVENCIN,54,0.134187757
54800,865,Cabecera Municipal,NORTE DE SANTANDER,TEORAMA,54,0.203272472
54810,2737,Cabecera Municipal,NORTE DE SANTANDER,TIB,54,0.884705006
54720,1435,Cabecera Municipal,NORTE DE SANTANDER,SARDINATA,54,0.408765987
54553,44,Cabecera Municipal,NORTE DE SANTANDER,PUERTO SANTANDER,54,2.740379413
54001,1098,CAP. DEPTO,NORTE DE SANTANDER,CCUTA,54,1.576127512
54261,528,Cabecera Municipal,NORTE DE SANTANDER,EL ZULIA,54,1.11330633
54418,86,Cabecera Municipal,NORTE DE SANTANDER,LOURDES,54,0.018105236
54313,145,Cabecera Municipal,NORTE DE SANTANDER,GRAMALOTE,54,0.027276085
54109,263,Cabecera Municipal,NORTE DE SANTANDER,BUCARASICA,54,0.004937262
54871,396,Cabecera Municipal,NORTE DE SANTANDER,VILLA CARO,54,1.11E-05
54398,248,Cabecera Municipal,NORTE DE SANTANDER,LA PLAYA,54,0.008558561
54670,387,Cabecera Municipal,NORTE DE SANTANDER,SAN CALIXTO,54,0.156048639
54385,666,Cabecera Municipal,NORTE DE SANTANDER,LA ESPERANZA,54,1.186427304
54128,1058,Cabecera Municipal,NORTE DE SANTANDER,CCHIRA,54,0.176475979
54680,170,Cabecera Municipal,NORTE DE SANTANDER,SANTIAGO,54,0.325400789
54874,93,Cabecera Municipal,NORTE DE SANTANDER,VILLA DEL ROSARIO,54,0.616298054
54599,100,Cabecera Municipal,NORTE DE SANTANDER,RAGONVALIA,54,4.51E-05
54347,108,Cabecera Municipal,NORTE DE SANTANDER,HERRN,54,4.48E-08
54820,1486,Cabecera Municipal,NORTE DE SANTANDER,TOLEDO,54,0.034887359
68575,1588,Cabecera Municipal,SANTANDER,PUERTO WILCHES,68,1.84758302
68655,1163,Cabecera Municipal,SANTANDER,SABANA DE TORRES,68,1.707945094
68615,1253,Cabecera Municipal,SANTANDER,RIONEGRO,68,0.99946609
68255,459,Cabecera Municipal,SANTANDER,EL PLAYN,68,0.235189372
68780,368,Cabecera Municipal,SANTANDER,SURAT,68,9.05E-06
68432,61,Cabecera Municipal,SANTANDER,MLAGA,68,3.91E-05
68266,79,Cabecera Municipal,SANTANDER,ENCISO,68,0.003092979
68468,186,Cabecera Municipal,SANTANDER,MOLAGAVITA,68,0.017826606
68684,80,Cabecera Municipal,SANTANDER,SAN JOS DE MIRANDA,68,0.0108957
68498,74,Cabecera Municipal,SANTANDER,OCAMONTE,68,0.016231651
68533,74,Cabecera Municipal,SANTANDER,PRAMO,68,0.006824472
68855,82,Cabecera Municipal,SANTANDER,VALLE DE SAN JOS,68,0.01114733
68679,150,Cabecera Municipal,SANTANDER,SAN GIL,68,0.060775785
68051,170,Cabecera Municipal,SANTANDER,ARATOCA,68,0.08109158
68370,33,Cabecera Municipal,SANTANDER,JORDN,68,0.534920573
68895,363,Cabecera Municipal,SANTANDER,ZAPATOCA,68,0.357896648
68081,1274,Cabecera Municipal,SANTANDER,BARRANCABERMEJA,68,1.640273928
68190,2847,Cabecera Municipal,SANTANDER,CIMITARRA,68,1.564389575
68101,1491,Cabecera Municipal,SANTANDER,BOLVAR,68,0.865840117
68250,415,Cabecera Municipal,SANTANDER,EL PEN,68,0.18384448
68385,626,Cabecera Municipal,SANTANDER,LANDZURI,68,0.270191416
68377,259,Cabecera Municipal,SANTANDER,LA BELLEZA,68,0.198405382
68271,191,Cabecera Municipal,SANTANDER,FLORIN,68,0.019385958
68020,156,Cabecera Municipal,SANTANDER,ALBANIA,68,3.07E-05
68368,109,Cabecera Municipal,SANTANDER,JESS MARA,68,1.22E-05
68773,609,Cabecera Municipal,SANTANDER,SUCRE,68,0.173730073
68324,72,Cabecera Municipal,SANTANDER,GUAVAT,68,2.56E-05
68861,452,Cabecera Municipal,SANTANDER,VLEZ,68,0.13397177
68327,27,Cabecera Municipal,SANTANDER,GEPSA,68,0.012748459
68013,41,Cabecera Municipal,SANTANDER,AGUADA,68,0.013082635
68397,241,Cabecera Municipal,SANTANDER,LA PAZ,68,0.03286638
68673,50,Cabecera Municipal,SANTANDER,SAN BENITO,68,0.018690235
68770,296,Cabecera Municipal,SANTANDER,SUAITA,68,0.004209555
68245,122,Cabecera Municipal,SANTANDER,EL GUACAMAYO,68,0.010768387
68320,144,Cabecera Municipal,SANTANDER,GUADALUPE,68,0.025148958
68211,117,Cabecera Municipal,SANTANDER,CONTRATACIN,68,0.000272866
68720,362,Cabecera Municipal,SANTANDER,SANTA HELENA DEL OPN,68,0.200667416
68176,152,Cabecera Municipal,SANTANDER,CHIMA,68,0.022237038
68500,285,Cabecera Municipal,SANTANDER,OIBA,68,0.002989413
68524,62,Cabecera Municipal,SANTANDER,PALMAS DEL SOCORRO,68,0.132974807
68872,113,Cabecera Municipal,SANTANDER,VILLANUEVA,68,0.183984411
68298,519,Cabecera Municipal,SANTANDER,GMBITA,68,7.91E-05
68264,418,Cabecera Municipal,SANTANDER,ENCINO,68,1.09E-05
68167,411,Cabecera Municipal,SANTANDER,CHARAL,68,0.002304888
68572,273,Cabecera Municipal,SANTANDER,PUENTE NACIONAL,68,4.66E-05
68077,57,Cabecera Municipal,SANTANDER,BARBOSA,68,0.000194168
15332,917,Cabecera Municipal,BOYAC,GICN,15,2.23E-07
15244,191,Cabecera Municipal,BOYAC,EL COCUY,15,0
15673,132,Cabecera Municipal,BOYAC,SAN MATEO,15,4.60E-05
15097,146,Cabecera Municipal,BOYAC,BOAVITA,15,0.000167132
15403,177,Cabecera Municipal,BOYAC,LA UVITA,15,3.78E-07
15183,614,Cabecera Municipal,BOYAC,CHITA,15,1.85E-05
15774,193,Cabecera Municipal,BOYAC,SUSACN,15,5.90E-05
15720,162,Cabecera Municipal,BOYAC,SATIVANORTE,15,3.88E-09
15368,117,Cabecera Municipal,BOYAC,JERIC,15,1.12E-05
15755,617,Cabecera Municipal,BOYAC,SOCOT,15,1.69E-05
15757,163,Cabecera Municipal,BOYAC,SOCHA,15,1.08E-08
15533,584,Cabecera Municipal,BOYAC,PAYA,15,0.105861713
15550,298,Cabecera Municipal,BOYAC,PISVA,15,0.008812666
15377,686,Cabecera Municipal,BOYAC,LABRANZAGRANDE,15,0.007371068
15518,322,Cabecera Municipal,BOYAC,PAJARITO,15,0.006543615
15047,876,Cabecera Municipal,BOYAC,AQUITANIA,15,4.61E-05
15362,34,Cabecera Municipal,BOYAC,IZA,15,1.92E-12
15759,214,Cabecera Municipal,BOYAC,SOGAMOSO,15,2.42E-09
15464,354,Cabecera Municipal,BOYAC,MONGUA,15,0.000300342
15296,117,Cabecera Municipal,BOYAC,GMEZA,15,1.20E-14
15215,59,Cabecera Municipal,BOYAC,CORRALES,15,8.20E-10
15114,25,Cabecera Municipal,BOYAC,BUSBANZ,15,5.42E-10
15693,107,Cabecera Municipal,BOYAC,SANTA ROSA DE VITERBO,15,6.07E-10
15790,210,Cabecera Municipal,BOYAC,TASCO,15,9.08E-13
15092,124,Cabecera Municipal,BOYAC,BETITIVA,15,5.36E-10
15087,143,Cabecera Municipal,BOYAC,BELN,15,3.17E-12
15537,117,Cabecera Municipal,BOYAC,PAZ DE RIO,15,4.13E-11
15238,229,Cabecera Municipal,BOYAC,DUITAMA,15,2.97E-10
15806,95,Cabecera Municipal,BOYAC,TIBASOSA,15,2.79E-09
15516,395,Cabecera Municipal,BOYAC,PAIPA,15,2.48E-09
15763,286,Cabecera Municipal,BOYAC,SOTAQUIR,15,7.02E-11
15837,165,Cabecera Municipal,BOYAC,TUTA,15,1.03E-10
15204,149,Cabecera Municipal,BOYAC,CMBITA,15,5.12E-12
15494,50,Cabecera Municipal,BOYAC,NUEVO COLN,15,2.06E-09
15090,67,Cabecera Municipal,BOYAC,BERBEO,15,0.000577137
15660,106,Cabecera Municipal,BOYAC,SAN EDUARDO,15,1.99E-05
15455,265,Cabecera Municipal,BOYAC,MIRAFLORES,15,0.000910375
15514,326,Cabecera Municipal,BOYAC,PEZ,15,0.019335471
15135,302,Cabecera Municipal,BOYAC,CAMPOHERMOSO,15,0.026068627
15667,247,Cabecera Municipal,BOYAC,SAN LUIS DE GACENO,15,0.335409399
15690,532,Cabecera Municipal,BOYAC,SANTA MARA,15,0.136801273
15236,111,Cabecera Municipal,BOYAC,CHIVOR,15,0.001985265
15325,81,Cabecera Municipal,BOYAC,GUAYAT,15,0.000209947
15322,37,Cabecera Municipal,BOYAC,GUATEQUE,15,0.000254083
15778,41,Cabecera Municipal,BOYAC,SUTATENZA,15,0.000994531
15380,54,Cabecera Municipal,BOYAC,LA CAPILLA,15,1.66E-05
15299,210,Cabecera Municipal,BOYAC,GARAGOA,15,5.57E-05
15511,67,Cabecera Municipal,BOYAC,PACHAVITA,15,0.000191403
15842,130,Cabecera Municipal,BOYAC,MBITA,15,2.47E-08
15835,80,Cabecera Municipal,BOYAC,TURMEQU,15,3.41E-08
15861,151,Cabecera Municipal,BOYAC,VENTAQUEMADA,15,1.17E-11
15646,150,Cabecera Municipal,BOYAC,SAMAC,15,3.03E-11
15407,121,Cabecera Municipal,BOYAC,VILLA DE LEIVA,15,2.31E-06
15676,70,Cabecera Municipal,BOYAC,SAN MIGUEL DE SEMA,15,1.53E-09
15600,233,Cabecera Municipal,BOYAC,RQUIRA,15,5.24E-08
15638,61,Cabecera Municipal,BOYAC,SCHICA,15,8.21E-07
15808,90,Cabecera Municipal,BOYAC,TINJAC,15,5.71E-07
15776,103,Cabecera Municipal,BOYAC,SUTAMARCHN,15,9.64E-07
15176,171,Cabecera Municipal,BOYAC,CHIQUINQUIR,15,4.76E-10
15051,137,Cabecera Municipal,BOYAC,ARCABUCO,15,4.02E-10
15696,82,Cabecera Municipal,BOYAC,SANTA SOFA,15,1.86E-07
15469,220,Cabecera Municipal,BOYAC,MONIQUIR,15,5.98E-05
15816,113,Cabecera Municipal,BOYAC,TOG,15,4.00E-05
15664,77,Cabecera Municipal,BOYAC,SAN JOS DE PARE,15,0.003970214
15832,54,Cabecera Municipal,BOYAC,TUNUNGU,15,0.005374052
15106,49,Cabecera Municipal,BOYAC,BRICEO,15,0.007331564
15531,260,Cabecera Municipal,BOYAC,PAUNA,15,0.169281574
15131,88,Cabecera Municipal,BOYAC,CALDAS,15,5.24E-12
15109,111,Cabecera Municipal,BOYAC,BUENAVISTA,15,0.005045629
15442,112,Cabecera Municipal,BOYAC,MARIP,15,0.210765676
15507,501,Cabecera Municipal,BOYAC,OTANCHE,15,0.222484065
15572,1472,Cabecera Municipal,BOYAC,PUERTO BOYAC,15,1.375192972
25572,530,Cabecera Municipal,CUNDINAMARCA,PUERTO SALGAR,25,1.405451943
25148,641,Cabecera Municipal,CUNDINAMARCA,CAPARRAP,25,0.31328274
25258,133,Cabecera Municipal,CUNDINAMARCA,EL PEN,25,0.088152979
25851,94,Cabecera Municipal,CUNDINAMARCA,TICA,25,0.620139062
25489,62,Cabecera Municipal,CUNDINAMARCA,NIMAIMA,25,0.318186954
25592,79,Cabecera Municipal,CUNDINAMARCA,QUEBRADANEGRA,25,0.252324702
25875,142,Cabecera Municipal,CUNDINAMARCA,VILLETA,25,0.198465479
25320,773,Cabecera Municipal,CUNDINAMARCA,GUADUAS,25,0.62745835
25662,327,Cabecera Municipal,CUNDINAMARCA,SAN JUAN DE RIOSECO,25,0.513755701
25805,84,Cabecera Municipal,CUNDINAMARCA,TIBACUY,25,0.038129729
25290,206,Cabecera Municipal,CUNDINAMARCA,FUSAGASUG,25,0.069876808
25535,277,Cabecera Municipal,CUNDINAMARCA,PASCA,25,2.62E-07
25053,162,Cabecera Municipal,CUNDINAMARCA,ARBELEZ,25,0.029043483
25649,216,Cabecera Municipal,CUNDINAMARCA,SAN BERNARDO,25,0.000129273
25120,449,Cabecera Municipal,CUNDINAMARCA,CABRERA,25,1.77E-05
25339,427,Cabecera Municipal,CUNDINAMARCA,GUTIRREZ,25,2.59E-06
25151,106,Cabecera Municipal,CUNDINAMARCA,CQUEZA,25,0.000126921
25845,213,Cabecera Municipal,CUNDINAMARCA,UNE,25,5.21E-11
25594,138,Cabecera Municipal,CUNDINAMARCA,QUETAME,25,1.55E-05
25279,478,Cabecera Municipal,CUNDINAMARCA,FMEQUE,25,2.23E-05
25181,209,Cabecera Municipal,CUNDINAMARCA,CHOACH,25,7.55E-08
11001,1605,CAP. DEPTO Distrito Capital,SATA FE DE BOGOT D.C.,"BOGOT, D.C.",11,6.59E-12
25754,187,Cabecera Municipal,CUNDINAMARCA,SOACHA,25,3.95E-12
25245,114,Cabecera Municipal,CUNDINAMARCA,EL COLEGIO,25,0.06526519
25035,130,Cabecera Municipal,CUNDINAMARCA,ANAPOIMA,25,0.488958251
25473,107,Cabecera Municipal,CUNDINAMARCA,MOSQUERA,25,1.56E-11
25430,120,Cabecera Municipal,CUNDINAMARCA,MADRID,25,8.36E-12
25286,71,Cabecera Municipal,CUNDINAMARCA,FUNZA,25,1.68E-11
25123,56,Cabecera Municipal,CUNDINAMARCA,CACHIPAY,25,0.04985574
25596,128,Cabecera Municipal,CUNDINAMARCA,QUIPILE,25,0.056725692
25269,160,Cabecera Municipal,CUNDINAMARCA,FACATATIV,25,9.42E-13
25260,88,Cabecera Municipal,CUNDINAMARCA,EL ROSAL,25,1.52E-12
25718,111,Cabecera Municipal,CUNDINAMARCA,SASAIMA,25,0.008225596
25214,52,Cabecera Municipal,CUNDINAMARCA,COTA,25,2.40E-11
25769,207,Cabecera Municipal,CUNDINAMARCA,SUBACHOQUE,25,1.57E-13
25785,74,Cabecera Municipal,CUNDINAMARCA,TABIO,25,1.83E-12
25175,76,Cabecera Municipal,CUNDINAMARCA,CHA,25,5.66E-11
25126,53,Cabecera Municipal,CUNDINAMARCA,CAJIC,25,1.77E-10
25402,155,Cabecera Municipal,CUNDINAMARCA,LA VEGA,25,0.027163242
25658,119,Cabecera Municipal,CUNDINAMARCA,SAN FRANCISCO,25,5.98E-05
25777,128,Cabecera Municipal,CUNDINAMARCA,SUPAT,25,0.00140199
25377,340,Cabecera Municipal,CUNDINAMARCA,LA CALERA,25,1.40E-10
25322,346,Cabecera Municipal,CUNDINAMARCA,GUASCA,25,3.58E-12
25758,113,Cabecera Municipal,CUNDINAMARCA,SOP,25,9.12E-11
25326,249,Cabecera Municipal,CUNDINAMARCA,GUATAVITA,25,1.38E-11
25486,99,Cabecera Municipal,CUNDINAMARCA,NEMOCN,25,2.98E-10
25772,176,Cabecera Municipal,CUNDINAMARCA,SUESCA,25,7.00E-12
25793,194,Cabecera Municipal,CUNDINAMARCA,TAUSA,25,7.00E-15
25843,106,Cabecera Municipal,CUNDINAMARCA,UBAT,25,3.85E-09
25372,337,Cabecera Municipal,CUNDINAMARCA,JUNN,25,6.01E-06
25297,257,Cabecera Municipal,CUNDINAMARCA,GACHET,25,5.83E-06
25299,107,Cabecera Municipal,CUNDINAMARCA,GAMA,25,2.86E-05
25436,103,Cabecera Municipal,CUNDINAMARCA,MANTA,25,5.19E-05
25807,57,Cabecera Municipal,CUNDINAMARCA,TIBIRITA,25,5.46E-05
25426,224,Cabecera Municipal,CUNDINAMARCA,MACHET,25,5.72E-06
25407,160,Cabecera Municipal,CUNDINAMARCA,LENGUAZAQUE,25,1.34E-11
25317,179,Cabecera Municipal,CUNDINAMARCA,GUACHET,25,1.17E-09
25154,295,Cabecera Municipal,CUNDINAMARCA,CARMEN DE CARUPA,25,2.87E-06
25745,99,Cabecera Municipal,CUNDINAMARCA,SIMIJACA,25,8.81E-10
25871,66,Cabecera Municipal,CUNDINAMARCA,VILLAGMEZ,25,0.013034392
25513,402,Cabecera Municipal,CUNDINAMARCA,PACHO,25,0.011316156
13490,405,Cabecera Municipal,BOLVAR,NOROSI,13,0.696468937
23682,518,Cabecera Municipal,CRDOBA,SAN JOS DE UR,23,0.752762094
27099,3546,Cabecera Municipal,CHOC,BOJAY (Bellavista),27,0.26220227
19455,212,Cabecera Municipal,CAUCA,MIRANDA,19,0.334914228
19212,294,Cabecera Municipal,CAUCA,CORINTO,19,0.099019183
19573,92,Cabecera Municipal,CAUCA,PUERTO TEJADA,19,0.564697996
19845,77,Cabecera Municipal,CAUCA,VILLA RICA,19,0.64748625
19142,302,Cabecera Municipal,CAUCA,CALOTO,19,0.2436091
19821,412,Cabecera Municipal,CAUCA,TORIBO,19,0.001167187
19364,252,Cabecera Municipal,CAUCA,JAMBAL,19,5.99E-05
19137,373,Cabecera Municipal,CAUCA,CALDONO,19,0.015054212
19743,582,Cabecera Municipal,CAUCA,SILVIA,19,3.36E-07
19548,171,Cabecera Municipal,CAUCA,PIENDAM,19,0.001006316
19698,444,Cabecera Municipal,CAUCA,SANTANDER DE QUILICHAO,19,0.272181875
19110,410,Cabecera Municipal,CAUCA,BUENOS AIRES,19,0.278686498
19780,370,Cabecera Municipal,CAUCA,SUREZ,19,0.049989397
19473,418,Cabecera Municipal,CAUCA,MORALES,19,0.011197669
19130,526,Cabecera Municipal,CAUCA,CAJIBO,19,0.001106147
19001,464,CAP. DEPTO,CAUCA,POPAYN,19,3.46E-05
19256,2615,Cabecera Municipal,CAUCA,EL TAMBO,19,0.08564717
19050,674,Cabecera Municipal,CAUCA,ARGELIA,19,0.002592217
19075,329,Cabecera Municipal,CAUCA,BALBOA,19,0.172593253
19532,723,Cabecera Municipal,CAUCA,PATA  (El Bordo),19,0.51683339
19450,640,Cabecera Municipal,CAUCA,MERCADERES,19,0.670226449
19100,717,Cabecera Municipal,CAUCA,BOLVAR,19,0.256770564
19290,56,Cabecera Municipal,CAUCA,FLORENCIA,19,0.012928319
19693,389,Cabecera Municipal,CAUCA,SAN SEBASTIN,19,7.17E-08
19397,492,Cabecera Municipal,CAUCA,LA VEGA,19,0.016774364
19533,1162,Cabecera Municipal,CAUCA,PIAMONTE,19,0.11422279
19785,128,Cabecera Municipal,CAUCA,SUCRE,19,0.078574823
19392,203,Cabecera Municipal,CAUCA,LA SIERRA,19,0.136357543
19622,130,Cabecera Municipal,CAUCA,ROSAS,19,0.035271882
19807,169,Cabecera Municipal,CAUCA,TIMBO,19,0.002180086
19760,449,Cabecera Municipal,CAUCA,SOTAR (Paispamba),19,1.75E-05
19585,783,Cabecera Municipal,CAUCA,PURAC (Coconuco),19,2.66E-11
99999,0,REA EN LITIGIO,NN,REA EN LITIGIO,999,1.92E-08
19824,384,Cabecera Municipal,CAUCA,TOTOR,19,1.10E-06
19355,685,Cabecera Municipal,CAUCA,INZ,19,2.45E-05
19513,68,Cabecera Municipal,CAUCA,PADILLA,19,0.637468298
76243,255,Cabecera Municipal,VALLE DEL CAUCA,EL AGUILA,76,0.00682438
76041,361,Cabecera Municipal,VALLE DEL CAUCA,ANSERMANUEVO,76,0.183097351
76246,274,Cabecera Municipal,VALLE DEL CAUCA,EL CAIRO,76,0.00044434
76054,88,Cabecera Municipal,VALLE DEL CAUCA,ARGELIA,76,0.010607032
76147,260,Cabecera Municipal,VALLE DEL CAUCA,CARTAGO,76,0.393747229
76020,64,Cabecera Municipal,VALLE DEL CAUCA,ALCAL,76,0.106418915
76497,213,Cabecera Municipal,VALLE DEL CAUCA,OBANDO,76,0.284687147
76823,194,Cabecera Municipal,VALLE DEL CAUCA,TORO,76,0.160314452
76863,462,Cabecera Municipal,VALLE DEL CAUCA,VERSALLES,76,0.012179901
76250,297,Cabecera Municipal,VALLE DEL CAUCA,EL DOVIO,76,0.020009661
76400,121,Cabecera Municipal,VALLE DEL CAUCA,LA UNIN,76,0.315935127
76622,209,Cabecera Municipal,VALLE DEL CAUCA,ROLDANILLO,76,0.149681568
76403,278,Cabecera Municipal,VALLE DEL CAUCA,LA VICTORIA,76,0.276255742
76895,371,Cabecera Municipal,VALLE DEL CAUCA,ZARZAL,76,0.385678993
76122,165,Cabecera Municipal,VALLE DEL CAUCA,CAICEDONIA,76,0.115467636
76113,429,Cabecera Municipal,VALLE DEL CAUCA,BUGALAGRANDE,76,0.260725565
76036,162,Cabecera Municipal,VALLE DEL CAUCA,ANDALUCA,76,0.29920903
76100,815,Cabecera Municipal,VALLE DEL CAUCA,BOLVAR,76,0.121084584
76828,232,Cabecera Municipal,VALLE DEL CAUCA,TRUJILLO,76,0.017876612
76616,317,Cabecera Municipal,VALLE DEL CAUCA,RIOFRO,76,0.124658262
76834,818,Cabecera Municipal,VALLE DEL CAUCA,TULU,76,0.09611327
76670,197,Cabecera Municipal,VALLE DEL CAUCA,SAN PEDRO,76,0.229280012
76111,873,Cabecera Municipal,VALLE DEL CAUCA,BUGA,76,0.12798733
76126,930,Cabecera Municipal,VALLE DEL CAUCA,CALIMA (El Darin),76,0.127870422
76606,248,Cabecera Municipal,VALLE DEL CAUCA,RESTREPO,76,0.021218818
76890,390,Cabecera Municipal,VALLE DEL CAUCA,YOTOCO,76,0.180833796
76869,122,Cabecera Municipal,VALLE DEL CAUCA,VIJES,76,0.119983624
76318,166,Cabecera Municipal,VALLE DEL CAUCA,GUACAR,76,0.350517821
76306,275,Cabecera Municipal,VALLE DEL CAUCA,GINEBRA,76,0.119576746
76248,456,Cabecera Municipal,VALLE DEL CAUCA,EL CERRITO,76,0.152399142
76520,1044,Cabecera Municipal,VALLE DEL CAUCA,PALMIRA,76,0.205700558
76130,303,Cabecera Municipal,VALLE DEL CAUCA,CANDELARIA,76,0.36334111
76275,413,Cabecera Municipal,VALLE DEL CAUCA,FLORIDA,76,0.102150425
76892,243,Cabecera Municipal,VALLE DEL CAUCA,YUMBO,76,0.172803958
76001,552,CAP. DEPTO,VALLE DEL CAUCA,CALI,76,0.272765842
76233,939,Cabecera Municipal,VALLE DEL CAUCA,DAGUA,76,0.105408705
76377,165,Cabecera Municipal,VALLE DEL CAUCA,LA CUMBRE,76,0.045183783
76364,603,Cabecera Municipal,VALLE DEL CAUCA,JAMUND,76,0.314696402
52435,531,Cabecera Municipal,NARIO,MALLAMA (Piedrancha),52,0.002449574
52699,555,Cabecera Municipal,NARIO,SANTA CRUZ (Guachavs),52,0.008619744
52565,42,Cabecera Municipal,NARIO,PROVIDENCIA,52,3.15E-07
52838,227,Cabecera Municipal,NARIO,TQUERRES,52,1.94E-09
52720,133,Cabecera Municipal,NARIO,SAPUYES,52,0
52506,66,Cabecera Municipal,NARIO,OSPINA,52,1.56E-11
52354,86,Cabecera Municipal,NARIO,IMUS,52,9.21E-07
52320,131,Cabecera Municipal,NARIO,GUAITARILLA,52,7.79E-06
52352,82,Cabecera Municipal,NARIO,ILES,52,4.77E-07
52317,159,Cabecera Municipal,NARIO,GUACHUCAL,52,0
52022,65,Cabecera Municipal,NARIO,ALDANA,52,0
52585,135,Cabecera Municipal,NARIO,PUPIALES,52,0
52323,35,Cabecera Municipal,NARIO,GUALMATN,52,3.89E-13
52560,288,Cabecera Municipal,NARIO,POTOS,52,0.000188824
52215,282,Cabecera Municipal,NARIO,CRDOBA,52,0.002187869
52573,359,Cabecera Municipal,NARIO,PUERRES,52,0.001649107
52287,407,Cabecera Municipal,NARIO,FUNES,52,3.41E-05
52788,239,Cabecera Municipal,NARIO,TANGUA,52,1.55E-09
52885,115,Cabecera Municipal,NARIO,YACUANQUER,52,1.50E-06
52001,1131,CAP. DEPTO,NARIO,PASTO,52,1.41E-08
52036,73,Cabecera Municipal,NARIO,ANCUYA,52,0.000377396
52678,765,Cabecera Municipal,NARIO,SAMANIEGO,52,0.046489408
52385,265,Cabecera Municipal,NARIO,LA LLANADA,52,0.080150279
52418,907,Cabecera Municipal,NARIO,LOS ANDES (Sotomayor),52,0.197981421
52254,121,Cabecera Municipal,NARIO,EL PEOL,52,0.412411907
52540,467,Cabecera Municipal,NARIO,POLICARPA,52,0.354341632
52256,566,Cabecera Municipal,NARIO,EL ROSARIO,52,0.298338961
52405,316,Cabecera Municipal,NARIO,LEIVA,52,0.314278327
52786,245,Cabecera Municipal,NARIO,TAMINANGO,52,0.282785472
52687,267,Cabecera Municipal,NARIO,SAN LORENZO,52,0.044905978
52051,63,Cabecera Municipal,NARIO,ARBOLEDA (Berruecos),52,1.94E-05
52399,147,Cabecera Municipal,NARIO,LA UNIN,52,0.041656012
52694,60,Cabecera Municipal,NARIO,SAN PEDRO DE CARTAGO (Cartago),52,1.85E-07
52203,63,Cabecera Municipal,NARIO,COLN (Gnova),52,3.46E-05
52693,108,Cabecera Municipal,NARIO,SAN PABLO,52,1.03E-05
52378,237,Cabecera Municipal,NARIO,LA CRUZ,52,1.63E-07
52083,48,Cabecera Municipal,NARIO,BELN,52,1.68E-07
52685,70,Cabecera Municipal,NARIO,SAN BERNARDO,52,1.24E-07
52019,83,Cabecera Municipal,NARIO,ALBN (San Jos),52,3.33E-06
52110,682,Cabecera Municipal,NARIO,BUESACO,52,0.000198395
52240,148,Cabecera Municipal,NARIO,CHACHAG,52,7.99E-05
52480,50,Cabecera Municipal,NARIO,NARIO,52,2.16E-08
52381,143,Cabecera Municipal,NARIO,LA FLORIDA,52,2.92E-05
52260,282,Cabecera Municipal,NARIO,EL TAMBO,52,0.000933129
52411,146,Cabecera Municipal,NARIO,LINARES,52,0.000366055
52210,45,Cabecera Municipal,NARIO,CONTADERO,52,1.11E-10
19300,97,Cabecera Municipal,CAUCA,GUACHEN,19,0.603739232
86749,64,Cabecera Municipal,PUTUMAYO,SIBUNDOY,86,1.09E-07
86760,445,Cabecera Municipal,PUTUMAYO,SANTIAGO,86,5.20E-08
86219,77,Cabecera Municipal,PUTUMAYO,COLN,86,7.84E-09
86755,480,Cabecera Municipal,PUTUMAYO,SAN FRANCISCO,86,0.001748983
18610,1227,Cabecera Municipal,CAQUET,SAN JOS DEL FRAGUA,18,0.130633116
18205,459,Cabecera Municipal,CAQUET,CURILLO,18,0.330675322
18479,440,Cabecera Municipal,CAQUET,MORELIA,18,0.435835108
18460,1366,Cabecera Municipal,CAQUET,MILN,18,0.674016622
41016,862,Cabecera Municipal,HUILA,AIPE,41,1.211444853
41001,1468,CAP. DEPTO,HUILA,NEIVA,41,0.646754806
41132,485,Cabecera Municipal,HUILA,CAMPOALEGRE,41,0.698528523
41801,589,Cabecera Municipal,HUILA,TERUEL,41,0.060117007
41483,156,Cabecera Municipal,HUILA,NTAGA,41,0.017466122
41518,340,Cabecera Municipal,HUILA,PAICOL,41,0.223507066
41396,854,Cabecera Municipal,HUILA,LA PLATA,41,0.010185132
41013,286,Cabecera Municipal,HUILA,AGRADO,41,0.261000375
41298,692,Cabecera Municipal,HUILA,GARZN,41,0.087349422
41503,150,Cabecera Municipal,HUILA,OPORAPA,41,0.001955644
41807,194,Cabecera Municipal,HUILA,TIMAN,41,0.020148815
41668,1574,Cabecera Municipal,HUILA,SAN AGUSTN,41,8.09E-06
41530,220,Cabecera Municipal,HUILA,PALESTINA,41,0.001232235
41006,700,Cabecera Municipal,HUILA,ACEVEDO,41,0.004036394
41770,383,Cabecera Municipal,HUILA,SUAZA,41,0.01809771
41026,201,Cabecera Municipal,HUILA,ALTAMIRA,41,0.237233188
41872,578,Cabecera Municipal,HUILA,VILLAVIEJA,41,1.817492239
73520,65,Cabecera Municipal,TOLIMA,PALOCABILDO,73,0.003676677
73443,291,Cabecera Municipal,TOLIMA,MARIQUITA,73,0.552328593
73283,232,Cabecera Municipal,TOLIMA,FRESNO,73,0.017509269
73347,343,Cabecera Municipal,TOLIMA,HERVEO,73,2.68E-05
73152,123,Cabecera Municipal,TOLIMA,CASABIANCA,73,0.00134485
73870,285,Cabecera Municipal,TOLIMA,VILLAHERMOSA,73,0.000444491
73411,291,Cabecera Municipal,TOLIMA,LBANO,73,0.029793647
73461,443,Cabecera Municipal,TOLIMA,MURILLO,73,2.35E-06
73043,475,Cabecera Municipal,TOLIMA,ANZOTEGUI,73,0.004054608
73861,358,Cabecera Municipal,TOLIMA,VENADILLO,73,0.639374994
73408,281,Cabecera Municipal,TOLIMA,LRIDA,73,0.798949775
73026,347,Cabecera Municipal,TOLIMA,ALVARADO,73,0.659084778
73168,2229,Cabecera Municipal,TOLIMA,CHAPARRAL,73,0.37686724
73616,1136,Cabecera Municipal,TOLIMA,RIOBLANCO,73,0.01100525
73217,667,Cabecera Municipal,TOLIMA,COYAIMA,73,2.54310012
73671,214,Cabecera Municipal,TOLIMA,SALDAA,73,3.625323561
73854,198,Cabecera Municipal,TOLIMA,VALLE DE SAN JUAN,73,0.690185161
73873,445,Cabecera Municipal,TOLIMA,VILLARRICA,73,0.012320964
73275,100,Cabecera Municipal,TOLIMA,FLANDES,73,2.157464623
73200,349,Cabecera Municipal,TOLIMA,COELLO,73,0.974114765
73030,239,Cabecera Municipal,TOLIMA,AMBALEMA,73,1.314610763
73352,220,Cabecera Municipal,TOLIMA,ICONONZO,73,0.159153031
73547,361,Cabecera Municipal,TOLIMA,PIEDRAS,73,0.887427106
73226,518,Cabecera Municipal,TOLIMA,CUNDAY,73,0.458958687
63470,141,Cabecera Municipal,QUINDIO,MONTENEGRO,63,0.131501713
63401,88,Cabecera Municipal,QUINDIO,LA TEBAIDA,63,0.187229212
63548,238,Cabecera Municipal,QUINDIO,PIJAO,63,0.00012842
63302,287,Cabecera Municipal,QUINDIO,GNOVA,63,0.000492475
66682,630,Cabecera Municipal,RISARALDA,SANTA ROSA DE CABAL,66,0.00108145
66170,80,Cabecera Municipal,RISARALDA,DOSQUEBRADAS,66,0.004602607
66440,173,Cabecera Municipal,RISARALDA,MARSELLA,66,0.088659605
66045,175,Cabecera Municipal,RISARALDA,APA,66,0.007349019
66594,163,Cabecera Municipal,RISARALDA,QUINCHA,66,0.060113103
27745,1274,Cabecera Municipal,CHOC,SIP,27,0.165027808
27491,1158,Cabecera Municipal,CHOC,NVITA,27,0.223859571
27450,620,Cabecera Municipal,CHOC,MEDIO SAN JUAN (Andagoya),27,0.277678602
27205,626,Cabecera Municipal,CHOC,CONDOTO,27,0.235941977
27361,2000,Cabecera Municipal,CHOC,ISTMINA,27,0.197886503
27160,301,Cabecera Municipal,CHOC,CERTEGUI,27,0.299478865
27073,770,Cabecera Municipal,CHOC,BAGAD,27,0.106721674
27135,379,Cabecera Municipal,CHOC,EL CANTN DEL SAN PABLO,27,0.216701263
27600,700,Cabecera Municipal,CHOC,RO QUITO (Paimad),27,0.26085416
27245,931,Cabecera Municipal,CHOC,EL CARMEN,27,0.038050652
27430,1386,Cabecera Municipal,CHOC,MEDIO BAUD (Boca de Pep),27,0.091596113
27580,304,Cabecera Municipal,CHOC,RO IR (Santa Rita),27,0.0969959
17877,122,Cabecera Municipal,CALDAS,VITERBO,17,0.162573382
17042,228,Cabecera Municipal,CALDAS,ANSERMA,17,0.084451319
17272,215,Cabecera Municipal,CALDAS,FILADELFIA,17,0.144816878
17777,124,Cabecera Municipal,CALDAS,SUPA,17,0.087090869
17388,100,Cabecera Municipal,CALDAS,LA MERCED,17,0.083493839
17653,411,Cabecera Municipal,CALDAS,SALAMINA,17,0.007941424
17513,283,Cabecera Municipal,CALDAS,PCORA,17,0.054501316
17013,510,Cabecera Municipal,CALDAS,AGUADAS,17,0.088900185
17541,573,Cabecera Municipal,CALDAS,PENSILVANIA,17,0.004512524
17662,796,Cabecera Municipal,CALDAS,SAMAN,17,0.049644736
17495,226,Cabecera Municipal,CALDAS,NORCASIA,17,0.572911099
17050,157,Cabecera Municipal,CALDAS,ARANZAZU,17,0.000955031
5364,227,Cabecera Municipal,ANTIOQUIA,JARDN,5,3.25E-05
5034,449,Cabecera Municipal,ANTIOQUIA,ANDES,5,0.00616821
5368,195,Cabecera Municipal,ANTIOQUIA,JERIC,5,0.056810906
5576,86,Cabecera Municipal,ANTIOQUIA,PUEBLORRICO,5,0.151622269
5353,59,Cabecera Municipal,ANTIOQUIA,HISPANIA,5,0.104812101
5789,246,Cabecera Municipal,ANTIOQUIA,TMESIS,5,0.086267312
5390,55,Cabecera Municipal,ANTIOQUIA,LA PINTADA,5,0.529412409
5002,497,Cabecera Municipal,ANTIOQUIA,ABEJORRAL,5,0.015710074
5756,1339,Cabecera Municipal,ANTIOQUIA,SONSN,5,0.462072816
5483,317,Cabecera Municipal,ANTIOQUIA,NARIO,5,0.009635002
5055,257,Cabecera Municipal,ANTIOQUIA,ARGELIA,5,0.024111397
5585,668,Cabecera Municipal,ANTIOQUIA,PUERTO NARE,5,0.690887754
5649,710,Cabecera Municipal,ANTIOQUIA,SAN CARLOS,5,0.104646604
5667,366,Cabecera Municipal,ANTIOQUIA,SAN RAFAEL,5,0.047564996
5197,221,Cabecera Municipal,ANTIOQUIA,COCORN,5,0.011458258
5697,76,Cabecera Municipal,ANTIOQUIA,SANTUARIO,5,1.34E-06
5376,133,Cabecera Municipal,ANTIOQUIA,LA CEJA,5,3.05E-06
5400,200,Cabecera Municipal,ANTIOQUIA,LA UNION,5,2.25E-08
5679,188,Cabecera Municipal,ANTIOQUIA,SANTA BRBARA,5,0.203651464
5282,250,Cabecera Municipal,ANTIOQUIA,FREDONIA,5,0.208254374
5861,143,Cabecera Municipal,ANTIOQUIA,VENECIA,5,0.3214121
5642,423,Cabecera Municipal,ANTIOQUIA,SALGAR,5,0.044620453
5209,234,Cabecera Municipal,ANTIOQUIA,CONCORDIA,5,0.175431036
5809,144,Cabecera Municipal,ANTIOQUIA,TITIRIB,5,0.201347207
5030,85,Cabecera Municipal,ANTIOQUIA,AMAG,5,0.059709265
5036,87,Cabecera Municipal,ANTIOQUIA,ANGELPOLIS,5,0.021763921
5129,152,Cabecera Municipal,ANTIOQUIA,CALDAS,5,0.004698507
5631,15,Cabecera Municipal,ANTIOQUIA,SABANETA,5,0.00020797
5380,35,Cabecera Municipal,ANTIOQUIA,LA ESTRELLA,5,0.008995877
5266,51,Cabecera Municipal,ANTIOQUIA,ENVIGADO,5,0.001490675
5607,276,Cabecera Municipal,ANTIOQUIA,RETIRO,5,5.40E-05
5670,446,Cabecera Municipal,ANTIOQUIA,SAN ROQUE,5,0.086605195
5021,151,Cabecera Municipal,ANTIOQUIA,ALEJANDRA,5,0.014200296
5579,1198,Cabecera Municipal,ANTIOQUIA,PUERTO BERRO,5,1.170444428
5425,436,Cabecera Municipal,ANTIOQUIA,MACEO,5,0.318440764
5885,483,Cabecera Municipal,ANTIOQUIA,YAL,5,0.138216789
5890,952,Cabecera Municipal,ANTIOQUIA,YOLOMB,5,0.116027899
5190,47,Cabecera Municipal,ANTIOQUIA,CISNEROS,5,0.044440193
5690,274,Cabecera Municipal,ANTIOQUIA,SANTO DOMINGO,5,0.018845251
5079,208,Cabecera Municipal,ANTIOQUIA,BARBOSA,5,0.007965581
5237,183,Cabecera Municipal,ANTIOQUIA,DON MATAS,5,0.013809618
5308,79,Cabecera Municipal,ANTIOQUIA,GIRARDOTA,5,0.01334149
5212,71,Cabecera Municipal,ANTIOQUIA,COPACABANA,5,0.003328845
5088,151,Cabecera Municipal,ANTIOQUIA,BELLO,5,0.020831802
5318,153,Cabecera Municipal,ANTIOQUIA,GUARNE,5,3.57E-05
5664,232,Cabecera Municipal,ANTIOQUIA,SAN PEDRO,5,1.84E-05
5125,224,Cabecera Municipal,ANTIOQUIA,CAICEDO,5,0.002011205
5847,2585,Cabecera Municipal,ANTIOQUIA,URRAO,5,0.037252587
5873,1801,Cabecera Municipal,ANTIOQUIA,VIGA DEL FUERTE,5,0.44912806
5284,1278,Cabecera Municipal,ANTIOQUIA,FRONTINO,5,0.072512549
5004,293,Cabecera Municipal,ANTIOQUIA,ABRIAQU,5,0.000575566
5411,220,Cabecera Municipal,ANTIOQUIA,LIBORINA,5,0.054083908
5086,279,Cabecera Municipal,ANTIOQUIA,BELMIRA,5,1.24E-07
5264,222,Cabecera Municipal,ANTIOQUIA,ENTRERRIOS,5,7.07E-06
5686,822,Cabecera Municipal,ANTIOQUIA,SANTA ROSA DE OSOS,5,0.00073638
5310,364,Cabecera Municipal,ANTIOQUIA,GMEZ PLATA,5,0.026325082
5150,168,Cabecera Municipal,ANTIOQUIA,CAROLINA,5,0.002260902
5031,1224,Cabecera Municipal,ANTIOQUIA,AMALFI,5,0.095786558
5858,518,Cabecera Municipal,ANTIOQUIA,VEGACH,5,0.175892132
5893,1903,Cabecera Municipal,ANTIOQUIA,YOND (Casabe),5,1.315226828
5604,2008,Cabecera Municipal,ANTIOQUIA,REMEDIOS,5,0.441110643
5736,1246,Cabecera Municipal,ANTIOQUIA,SEGOVIA,5,0.24972136
5040,1447,Cabecera Municipal,ANTIOQUIA,ANOR,5,0.131069868
5134,202,Cabecera Municipal,ANTIOQUIA,CAMPAMENTO,5,0.022425757
5658,173,Cabecera Municipal,ANTIOQUIA,SAN JOS DE LA MONTAA,5,2.12E-11
5647,179,Cabecera Municipal,ANTIOQUIA,SAN ANDRS,5,0.004053172
5628,268,Cabecera Municipal,ANTIOQUIA,SABANALARGA,5,0.10382516
5113,368,Cabecera Municipal,ANTIOQUIA,BURITIC,5,0.047640138
5138,396,Cabecera Municipal,ANTIOQUIA,CAASGORDAS,5,0.01551061
5842,239,Cabecera Municipal,ANTIOQUIA,URAMITA,5,0.070844303
5543,397,Cabecera Municipal,ANTIOQUIA,PEQUE,5,0.037491011
5819,141,Cabecera Municipal,ANTIOQUIA,TOLEDO,5,0.140647725
5361,2375,Cabecera Municipal,ANTIOQUIA,ITUANGO,5,0.03559107
5107,406,Cabecera Municipal,ANTIOQUIA,BRICEO,5,0.018952735
5854,551,Cabecera Municipal,ANTIOQUIA,VALDIVIA,5,0.110060292
5895,1077,Cabecera Municipal,ANTIOQUIA,ZARAGOZA,5,1.036479391
5250,1951,Cabecera Municipal,ANTIOQUIA,EL BAGRE,5,0.587516179
5495,925,Cabecera Municipal,ANTIOQUIA,NECH,5,1.396245935
5172,615,Cabecera Municipal,ANTIOQUIA,CHIGOROD,5,0.308645664
5045,607,Cabecera Municipal,ANTIOQUIA,APARTAD,5,0.427696349
5147,384,Cabecera Municipal,ANTIOQUIA,CAREPA,5,0.452338783
5665,482,Cabecera Municipal,ANTIOQUIA,SAN PEDRO DE URAB,5,0.467523529
5315,88,Cabecera Municipal,ANTIOQUIA,GUADALUPE,5,0.020653671
23807,4728,Cabecera Municipal,CRDOBA,TIERRALTA,23,0.529314111
23855,968,Cabecera Municipal,CRDOBA,VALENCIA,23,0.620781901
23417,890,Cabecera Municipal,CRDOBA,LORICA,23,1.565209634
23586,122,Cabecera Municipal,CRDOBA,PURSIMA,23,1.248506725
23660,993,Cabecera Municipal,CRDOBA,SAHAGN,23,2.034640851
23678,505,Cabecera Municipal,CRDOBA,SAN CARLOS,23,1.787446139
23555,1188,Cabecera Municipal,CRDOBA,PLANETA RICA,23,1.909508094
23079,847,Cabecera Municipal,CRDOBA,BUENAVISTA,23,2.373899443
23350,268,Cabecera Municipal,CRDOBA,LA APARTADA,23,2.479155595
23466,1282,Cabecera Municipal,CRDOBA,MONTELBANO,23,1.018298674
70204,127,Cabecera Municipal,SUCRE,COLOS,70,1.098964381
70230,80,Cabecera Municipal,SUCRE,CHALN,70,1.074421148
70508,453,Cabecera Municipal,SUCRE,OVEJAS,70,0.877452174
70823,280,Cabecera Municipal,SUCRE,TOLUVIEJO,70,1.081060639
70001,292,CAP. DEPTO,SUCRE,SINCELEJO,70,1.474511186
70215,272,Cabecera Municipal,SUCRE,COROZAL,70,1.801462815
70702,168,Cabecera Municipal,SUCRE,SAN JUAN DE BETULIA,70,1.287751266
70742,487,Cabecera Municipal,SUCRE,SINC,70,2.002892971
70110,124,Cabecera Municipal,SUCRE,BUENAVISTA,70,1.668890425
70717,223,Cabecera Municipal,SUCRE,SAN PEDRO,70,1.82715714
70235,304,Cabecera Municipal,SUCRE,GALERAS,70,2.289925374
70233,201,Cabecera Municipal,SUCRE,EL ROBLE,70,2.463455653
70670,209,Cabecera Municipal,SUCRE,SAMPUS,70,1.965515744
70678,1592,Cabecera Municipal,SUCRE,SAN BENITO ABAD,70,2.689908526
70265,354,Cabecera Municipal,SUCRE,GUARANDA,70,1.814113885
70124,436,Cabecera Municipal,SUCRE,CAIMITO,70,2.544097773
70708,1012,Cabecera Municipal,SUCRE,SAN MARCOS,70,2.09879677
13222,84,Cabecera Municipal,BOLVAR,CLEMENCIA,13,1.388444781
13683,151,Cabecera Municipal,BOLVAR,SANTA ROSA,13,1.116587215
13873,134,Cabecera Municipal,BOLVAR,VILLANUEVA,13,0.932483266
13647,208,Cabecera Municipal,BOLVAR,SAN ESTANISLAO,13,1.572548601
13760,88,Cabecera Municipal,BOLVAR,SOPLAVIENTO,13,1.234385088
13433,430,Cabecera Municipal,BOLVAR,MAHATES,13,2.059802992
13052,566,Cabecera Municipal,BOLVAR,ARJONA,13,1.65877977
13836,196,Cabecera Municipal,BOLVAR,TURBACO,13,1.143715368
13838,148,Cabecera Municipal,BOLVAR,TURBANA,13,1.181444091
13442,517,Cabecera Municipal,BOLVAR,MARIA LA BAJA,13,2.170074545
13657,637,Cabecera Municipal,BOLVAR,SAN JUAN NEPOMUCENO,13,1.271072118
13654,434,Cabecera Municipal,BOLVAR,SAN JACINTO,13,1.025342818
13244,900,Cabecera Municipal,BOLVAR,EL CARMEN DE BOLVAR,13,1.033009298
13894,287,Cabecera Municipal,BOLVAR,ZAMBRANO,13,1.704348079
13212,573,Cabecera Municipal,BOLVAR,CRDOBA,13,1.820461067
13430,1102,Cabecera Municipal,BOLVAR,MAGANGU,13,2.194442337
13780,261,Cabecera Municipal,BOLVAR,TALAIGUA NUEVO,13,2.403684855
13188,132,Cabecera Municipal,BOLVAR,CICUCO,13,2.921977679
13468,630,Cabecera Municipal,BOLVAR,MOMPS,13,2.525251508
13650,288,Cabecera Municipal,BOLVAR,SAN FERNANDO,13,2.411127776
13667,414,Cabecera Municipal,BOLVAR,SAN MARTN DE LOBA,13,1.686300876
13268,327,Cabecera Municipal,BOLVAR,EL PEN,13,2.385103997
13580,180,Cabecera Municipal,BOLVAR,REGIDOR,13,2.248021841
13042,459,Cabecera Municipal,BOLVAR,ARENAL,13,0.708307023
13744,1345,Cabecera Municipal,BOLVAR,SIMIT,13,1.498253126
13670,1977,Cabecera Municipal,BOLVAR,SAN PABLO,13,0.752335077
13458,2089,Cabecera Municipal,BOLVAR,MONTECRISTO,13,0.476914533
13655,428,Cabecera Municipal,BOLVAR,SAN JACINTO DEL CAUCA,13,1.844369787
13620,43,Cabecera Municipal,BOLVAR,SAN CRISTBAL,13,1.056224734
13062,162,Cabecera Municipal,BOLVAR,ARROYOHONDO,13,1.669510802
13140,246,Cabecera Municipal,BOLVAR,CALAMAR,13,1.561367214
13440,263,Cabecera Municipal,BOLVAR,MARGARITA,13,2.418576672
8296,98,Cabecera Municipal,ATLANTICO,GALAPA,8,1.707853222
8758,67,Cabecera Municipal,ATLANTICO,SOLEDAD,8,2.429718077
8433,108,Cabecera Municipal,ATLANTICO,MALAMBO,8,2.347596318
8078,127,Cabecera Municipal,ATLANTICO,BARANOA,8,1.301998158
8558,73,Cabecera Municipal,ATLANTICO,POLONUEVO,8,1.306769172
8634,43,Cabecera Municipal,ATLANTICO,SABANAGRANDE,8,2.404872892
8638,399,Cabecera Municipal,ATLANTICO,SABANALARGA,8,1.58976563
8141,143,Cabecera Municipal,ATLANTICO,CANDELARIA,8,2.151796242
8436,206,Cabecera Municipal,ATLANTICO,MANAT,8,1.568970764
8137,105,Cabecera Municipal,ATLANTICO,CAMPO DE LA CRUZ,8,2.497291923
8770,42,Cabecera Municipal,ATLANTICO,SUAN,8,2.006247647
8606,363,Cabecera Municipal,ATLANTICO,REPELN,8,1.304552879
8421,247,Cabecera Municipal,ATLANTICO,LURUACO,8,1.235779303
8849,103,Cabecera Municipal,ATLANTICO,USIACUR,8,1.139855941
50400,852,Cabecera Municipal,META,LEJANAS,50,0.063754247
50318,638,Cabecera Municipal,META,GUAMAL,50,0.081448811
50006,1149,Cabecera Municipal,META,ACACAS,50,0.267717626
50606,289,Cabecera Municipal,META,RESTREPO,50,0.466703668
50686,162,Cabecera Municipal,META,SAN JUANITO,50,1.55E-06
50251,573,Cabecera Municipal,META,EL CASTILLO,50,0.302057056
50270,117,Cabecera Municipal,META,EL DORADO,50,0.279848514
85015,289,Cabecera Municipal,CASANARE,CHMEZA,85,0.008040127
85400,1136,Cabecera Municipal,CASANARE,TMARA,85,0.174820452
85315,291,Cabecera Municipal,CASANARE,SCAMA,85,0.051584493
85136,194,Cabecera Municipal,CASANARE,LA SALINA,85,0.000309709
85250,12114,Cabecera Municipal,CASANARE,PAZ DE ARIPORO,85,1.43133835
85125,5581,Cabecera Municipal,CASANARE,HATO COROZAL,85,1.029199614
81300,1024,Cabecera Municipal,ARAUCA,FORTUL,81,0.120867751
44098,232,Cabecera Municipal,LA GUAJIRA,DISTRACCIN,44,0.612056906
47605,611,Cabecera Municipal,MAGDALENA,REMOLINO,47,1.707185064
47460,843,Cabecera Municipal,MAGDALENA,NUEVA GRANADA (Granada),47,2.009275141
47170,528,Cabecera Municipal,MAGDALENA,CHIVOLO,47,1.797137396
47960,353,Cabecera Municipal,MAGDALENA,ZAPAYN (Punta de Piedras),47,1.694729113
47161,184,Cabecera Municipal,MAGDALENA,CERRO DE SAN ANTONIO,47,1.903881714
47798,491,Cabecera Municipal,MAGDALENA,TENERIFE,47,1.060164555
47555,1501,Cabecera Municipal,MAGDALENA,PLATO,47,1.515281787
47720,502,Cabecera Municipal,MAGDALENA,SANTA BARBARA DE PINTO,47,1.531021945
47707,1120,Cabecera Municipal,MAGDALENA,SANTA ANA,47,1.963353425
47703,238,Cabecera Municipal,MAGDALENA,SAN ZENN,47,2.057578174
47318,565,Cabecera Municipal,MAGDALENA,GUAMAL,47,2.937993293
47245,816,Cabecera Municipal,MAGDALENA,EL BANCO,47,2.563569406
47258,544,Cabecera Municipal,MAGDALENA,EL PIN,47,1.715476455
47675,175,Cabecera Municipal,MAGDALENA,SALAMINA,47,1.829308614
20570,859,Cabecera Municipal,CESAR,PUEBLO BELLO,20,0.021748364
20001,4225,CAP. DEPTO,CESAR,VALLEDUPAR,20,1.134196519
20750,614,Cabecera Municipal,CESAR,SAN DIEGO,20,1.996639445
20060,578,Cabecera Municipal,CESAR,BOSCONIA,20,2.580741317
20250,864,Cabecera Municipal,CESAR,EL PASO,20,3.160663592
20032,583,Cabecera Municipal,CESAR,ASTREA,20,2.427990697
20175,1425,Cabecera Municipal,CESAR,CHIMICHAGUA,20,2.144529409
20787,512,Cabecera Municipal,CESAR,TAMALAMEQUE,20,2.53382815
20383,789,Cabecera Municipal,CESAR,LA GLORIA,20,1.597852384
20011,917,Cabecera Municipal,CESAR,AGUACHICA,20,1.599232299
20614,621,Cabecera Municipal,CESAR,RO DE ORO,20,1.092398796
20770,853,Cabecera Municipal,CESAR,SAN MARTN,20,1.609991512
54673,142,Cabecera Municipal,NORTE DE SANTANDER,SAN CAYETANO,54,0.814848698
54172,187,Cabecera Municipal,NORTE DE SANTANDER,CHINCOTA,54,0.021917212
54223,367,Cabecera Municipal,NORTE DE SANTANDER,CUCUTILLA,54,4.08E-05
54520,176,Cabecera Municipal,NORTE DE SANTANDER,PAMPLONITA,54,7.63E-06
54480,156,Cabecera Municipal,NORTE DE SANTANDER,MUTISCUA,54,1.00E-15
54377,249,Cabecera Municipal,NORTE DE SANTANDER,LABATECA,54,1.57E-05
54405,131,Cabecera Municipal,NORTE DE SANTANDER,LOS PATIOS,54,0.363965664
68444,113,Cabecera Municipal,SANTANDER,MATANZA,68,0.004091274
68867,93,Cabecera Municipal,SANTANDER,VETAS,68,0
68169,125,Cabecera Municipal,SANTANDER,CHARTA,68,0.000163994
68820,342,Cabecera Municipal,SANTANDER,TONA,68,0.001070246
68001,154,CAP. DEPTO Distrito Histrico y Cultural,SANTANDER,BUCARAMANGA,68,0.179913048
68276,101,Cabecera Municipal,SANTANDER,FLORIDABLANCA,68,0.148113639
68547,481,Cabecera Municipal,SANTANDER,PIEDECUESTA,68,0.071059806
68318,271,Cabecera Municipal,SANTANDER,GUACA,68,6.92E-08
68669,286,Cabecera Municipal,SANTANDER,SAN ANDRS,68,0.003717725
68162,416,Cabecera Municipal,SANTANDER,CERRITO,68,4.06E-11
68207,333,Cabecera Municipal,SANTANDER,CONCEPCIN,68,5.24E-08
68464,484,Cabecera Municipal,SANTANDER,MOGOTES,68,0.003306252
68209,73,Cabecera Municipal,SANTANDER,CONFINES,68,0.003105668
68755,131,Cabecera Municipal,SANTANDER,SOCORRO,68,0.098833354
68549,54,Cabecera Municipal,SANTANDER,PINCHOTE,68,0.058113107
68229,238,Cabecera Municipal,SANTANDER,CURIT,68,0.019389462
68160,112,Cabecera Municipal,SANTANDER,CEPIT,68,0.009027649
68689,1104,Cabecera Municipal,SANTANDER,SAN VICENTE DE CHUCUR,68,0.892201732
68307,681,Cabecera Municipal,SANTANDER,GIRN,68,0.564011388
68573,745,Cabecera Municipal,SANTANDER,PUERTO PARRA,68,1.590181208
68322,69,Cabecera Municipal,SANTANDER,GUAPOT,68,0.070630821
68745,982,Cabecera Municipal,SANTANDER,SIMACOTA,68,1.016047782
68344,172,Cabecera Municipal,SANTANDER,HATO,68,0.016767653
68522,20,Cabecera Municipal,SANTANDER,PALMAR,68,0.299989869
68121,68,Cabecera Municipal,SANTANDER,CABRERA,68,0.445456006
68079,134,Cabecera Municipal,SANTANDER,BARICHARA,68,0.221754232
68296,209,Cabecera Municipal,SANTANDER,GALN,68,0.202841709
68235,914,Cabecera Municipal,SANTANDER,EL CARMEN,68,0.409021125
15522,38,Cabecera Municipal,BOYAC,PANQUEBA,15,4.88E-13
15317,59,Cabecera Municipal,BOYAC,GUACAMAYAS,15,6.12E-06
15723,62,Cabecera Municipal,BOYAC,SATIVASUR,15,2.12E-06
15822,216,Cabecera Municipal,BOYAC,TOTA,15,6.00E-15
15542,247,Cabecera Municipal,BOYAC,PESCA,15,2.78E-08
15226,43,Cabecera Municipal,BOYAC,CUTIVA,15,0
15272,108,Cabecera Municipal,BOYAC,FIRAVITOBA,15,3.52E-09
15491,53,Cabecera Municipal,BOYAC,NOBSA,15,2.16E-09
15466,70,Cabecera Municipal,BOYAC,MONGU,15,0
15820,33,Cabecera Municipal,BOYAC,TPAGA,15,1.25E-10
15276,92,Cabecera Municipal,BOYAC,FLORESTA,15,3.91E-10
15839,127,Cabecera Municipal,BOYAC,TUTAZ,15,5.00E-15
15162,72,Cabecera Municipal,BOYAC,CERINZA,15,0
15599,139,Cabecera Municipal,BOYAC,RAMIRIQU,15,4.09E-07
15804,133,Cabecera Municipal,BOYAC,TIBAN,15,2.28E-06
15897,255,Cabecera Municipal,BOYAC,ZETAQUIRA,15,6.81E-05
15425,198,Cabecera Municipal,BOYAC,MACANAL,15,0.001602821
15022,57,Cabecera Municipal,BOYAC,ALMEIDA,15,0.000427259
15761,68,Cabecera Municipal,BOYAC,SOMONDOCO,15,0.000126507
15172,128,Cabecera Municipal,BOYAC,CHINAVITA,15,0.000109845
15232,117,Cabecera Municipal,BOYAC,CHQUIZA,15,1.11E-13
15686,73,Cabecera Municipal,BOYAC,SANTANA,15,0.009939203
25394,191,Cabecera Municipal,CUNDINAMARCA,LA PALMA,25,0.096596567
25823,162,Cabecera Municipal,CUNDINAMARCA,TOPAIP,25,0.119120407
25398,132,Cabecera Municipal,CUNDINAMARCA,LA PEA,25,0.269760807
25862,146,Cabecera Municipal,CUNDINAMARCA,VERGARA,25,0.050921425
25491,71,Cabecera Municipal,CUNDINAMARCA,NOCAIMA,25,0.214249942
25168,167,Cabecera Municipal,CUNDINAMARCA,CHAGUAN,25,0.21528539
25867,68,Cabecera Municipal,CUNDINAMARCA,VIAN,25,0.018626421
25095,61,Cabecera Municipal,CUNDINAMARCA,BITUIMA,25,0.024824877
25086,211,Cabecera Municipal,CUNDINAMARCA,BELTRN,25,0.795008991
25580,178,Cabecera Municipal,CUNDINAMARCA,PUL,25,0.284627081
25368,236,Cabecera Municipal,CUNDINAMARCA,JERUSALN,25,0.610257119
25324,91,Cabecera Municipal,CUNDINAMARCA,GUATAQU,25,0.639949523
25815,238,Cabecera Municipal,CUNDINAMARCA,TOCAIMA,25,0.766423992
25483,54,Cabecera Municipal,CUNDINAMARCA,NARIO,25,0.806235105
25307,130,Cabecera Municipal,CUNDINAMARCA,GIRARDOT,25,1.692567259
25612,131,Cabecera Municipal,CUNDINAMARCA,RICAURTE,25,1.809632838
25488,220,Cabecera Municipal,CUNDINAMARCA,NILO,25,0.97532112
25001,87,Cabecera Municipal,CUNDINAMARCA,AGUA DE DIOS,25,1.145798177
25599,119,Cabecera Municipal,CUNDINAMARCA,APULO,25,0.683504244
25743,165,Cabecera Municipal,CUNDINAMARCA,SILVANIA,25,0.002142779
25524,77,Cabecera Municipal,CUNDINAMARCA,PANDI,25,0.06736062
25506,112,Cabecera Municipal,CUNDINAMARCA,VENECIA,25,0.003087252
25178,130,Cabecera Municipal,CUNDINAMARCA,CHIPAQUE,25,2.47E-08
25740,120,Cabecera Municipal,CUNDINAMARCA,SIBAT,25,1.39E-13
25312,60,Cabecera Municipal,CUNDINAMARCA,GRANADA,25,8.93E-09
25335,212,Cabecera Municipal,CUNDINAMARCA,GUAYABETAL,25,0.000107871
25645,86,Cabecera Municipal,CUNDINAMARCA,SAN ANTONIO DEL TEQUENDAMA,25,0.004536353
25386,151,Cabecera Municipal,CUNDINAMARCA,LA MESA,25,0.164259195
25797,54,Cabecera Municipal,CUNDINAMARCA,TENA,25,0.117751982
25099,106,Cabecera Municipal,CUNDINAMARCA,BOJAC,25,6.08E-08
25040,122,Cabecera Municipal,CUNDINAMARCA,ANOLAIMA,25,0.005441802
25328,59,Cabecera Municipal,CUNDINAMARCA,GUAYABAL DE SQUIMA,25,0.002820416
25019,53,Cabecera Municipal,CUNDINAMARCA,ALBN,25,0.002293089
25799,117,Cabecera Municipal,CUNDINAMARCA,TENJO,25,1.64E-11
25899,194,Cabecera Municipal,CUNDINAMARCA,ZIPAQUIR,25,4.23E-11
25736,143,Cabecera Municipal,CUNDINAMARCA,SESQUIL,25,4.55E-10
25293,441,Cabecera Municipal,CUNDINAMARCA,GACHAL,25,0.00071348
25438,1192,Cabecera Municipal,CUNDINAMARCA,MEDINA,25,0.273230689
25530,893,Cabecera Municipal,CUNDINAMARCA,PARATEBUENO,25,0.563084323
25183,302,Cabecera Municipal,CUNDINAMARCA,CHOCONT,25,1.02E-10
25518,171,Cabecera Municipal,CUNDINAMARCA,PAIME,25,0.117325177
25653,297,Cabecera Municipal,CUNDINAMARCA,SAN CAYETANO,25,0.002788355
19022,224,Cabecera Municipal,CAUCA,ALMAGUER,19,0.003064662
76563,369,Cabecera Municipal,VALLE DEL CAUCA,PRADERA,76,0.135946859
52427,1745,Cabecera Municipal,NARIO,MAG (Payn),52,0.255730606
52233,365,Cabecera Municipal,NARIO,CUMBITARA,52,0.335109663
41319,242,Cabecera Municipal,HUILA,GUADALUPE,41,0.049119103
73319,523,Cabecera Municipal,TOLIMA,GUAMO,73,1.70833937
73268,231,Cabecera Municipal,TOLIMA,ESPINAL,73,1.644311716
63690,328,Cabecera Municipal,QUINDIO,SALENTO,63,7.66E-06
63111,39,Cabecera Municipal,QUINDIO,BUENAVISTA,63,0.077987397
66400,38,Cabecera Municipal,RISARALDA,LA VIRGINIA,66,0.165379109
66075,138,Cabecera Municipal,RISARALDA,BALBOA,66,0.283730097
27787,576,Cabecera Municipal,CHOC,TAD,27,0.115806112
27050,415,Cabecera Municipal,CHOC,ATRATO (Yuto),27,0.299591363
27810,147,Cabecera Municipal,CHOC,UNIN PANAMERICANA (nimas),27,0.283260866
27425,1842,Cabecera Municipal,CHOC,MEDIO ATRATO (Bet),27,0.26622892
17088,121,Cabecera Municipal,CALDAS,BELALCZAR,17,0.185752167
17442,41,Cabecera Municipal,CALDAS,MARMATO,17,0.050165416
17867,577,Cabecera Municipal,CALDAS,VICTORIA,17,1.118575533
17486,393,Cabecera Municipal,CALDAS,NEIRA,17,0.05255377
17873,480,Cabecera Municipal,CALDAS,VILLAMARA,17,1.54E-05
17174,114,Cabecera Municipal,CALDAS,CHINCHIN,17,0.117545281
17524,119,Cabecera Municipal,CALDAS,PALESTINA,17,0.154580142
5145,87,Cabecera Municipal,ANTIOQUIA,CARAMANTA,5,0.00705455
5856,132,Cabecera Municipal,ANTIOQUIA,VALPARASO,5,0.343039477
5591,365,Cabecera Municipal,ANTIOQUIA,PUERTO TRIUNFO,5,1.252784792
5652,368,Cabecera Municipal,ANTIOQUIA,SAN FRANCISCO,5,0.099572454
5660,458,Cabecera Municipal,ANTIOQUIA,SAN LUIS,5,0.158101155
5313,185,Cabecera Municipal,ANTIOQUIA,GRANADA,5,0.00279349
5467,84,Cabecera Municipal,ANTIOQUIA,MONTEBELLO,5,0.007353529
5792,120,Cabecera Municipal,ANTIOQUIA,TARSO,5,0.267732778
5101,285,Cabecera Municipal,ANTIOQUIA,CIUDAD BOLVAR,5,0.026300927
5091,170,Cabecera Municipal,ANTIOQUIA,BETANIA,5,0.028068467
5093,255,Cabecera Municipal,ANTIOQUIA,BETULIA,5,0.132158404
5347,118,Cabecera Municipal,ANTIOQUIA,HELICONIA,5,0.059720245
5059,111,Cabecera Municipal,ANTIOQUIA,ARMENIA,5,0.395455959
5321,70,Cabecera Municipal,ANTIOQUIA,GUATAP,5,0.000347424
5142,263,Cabecera Municipal,ANTIOQUIA,CARACOL,5,0.424967519
5306,97,Cabecera Municipal,ANTIOQUIA,GIRALDO,5,0.006982388
5501,91,Cabecera Municipal,ANTIOQUIA,OLAYA,5,0.123180996
23464,152,Cabecera Municipal,CRDOBA,MOMIL,23,1.396311019
23162,266,Cabecera Municipal,CRDOBA,CERET,23,1.37848788
23300,79,Cabecera Municipal,CRDOBA,COTORRA,23,1.738560706
70400,234,Cabecera Municipal,SUCRE,LA UNIN,70,1.510759765
13248,371,Cabecera Municipal,BOLVAR,EL GUAMO,13,1.457459437
8675,50,Cabecera Municipal,ATLANTICO,SANTA LUCA,8,2.052010973
50245,286,Cabecera Municipal,META,EL CALVARIO,50,0.010038264
47980,446,Cabecera Municipal,MAGDALENA,ZONA BANANERA (Prado Sevilla),47,0.917396655
47058,1109,Cabecera Municipal,MAGDALENA,ARIGUAN (El Difcil),47,2.430955875
47205,111,Cabecera Municipal,MAGDALENA,CONCORDIA,47,2.157069969
47545,739,Cabecera Municipal,MAGDALENA,PIJIO  DEL CARMEN,47,2.098555721
47692,421,Cabecera Municipal,MAGDALENA,SAN SEBASTIN DE BUENAVISTA,47,2.39971741
47541,312,Cabecera Municipal,MAGDALENA,PEDRAZA,47,2.024895625
20517,521,Cabecera Municipal,CESAR,PAILITAS,20,0.795351638
20550,438,Cabecera Municipal,CESAR,PELAYA,20,1.824000935
20295,356,Cabecera Municipal,CESAR,GAMARRA,20,2.19993013
20710,568,Cabecera Municipal,CESAR,SAN ALBERTO,20,1.452306472
54250,687,Cabecera Municipal,NORTE DE SANTANDER,EL TARRA,54,0.290933008
54003,917,Cabecera Municipal,NORTE DE SANTANDER,BREGO,54,0.008723461
54344,597,Cabecera Municipal,NORTE DE SANTANDER,HACAR,54,0.14229685
54660,480,Cabecera Municipal,NORTE DE SANTANDER,SALAZAR,54,0.028643563
54239,170,Cabecera Municipal,NORTE DE SANTANDER,DURANIA,54,0.188485927
54051,449,Cabecera Municipal,NORTE DE SANTANDER,ARBOLEDAS,54,0.004767584
54099,171,Cabecera Municipal,NORTE DE SANTANDER,BOCHALEMA,54,0.006685543
54518,313,Cabecera Municipal,NORTE DE SANTANDER,PAMPLONA,54,4.67E-09
54125,135,Cabecera Municipal,NORTE DE SANTANDER,CCOTA,54,2.32E-11
54743,376,Cabecera Municipal,NORTE DE SANTANDER,SILOS,54,0
54174,1172,Cabecera Municipal,NORTE DE SANTANDER,CHITAG,54,0.000469943
68132,45,Cabecera Municipal,SANTANDER,CALIFORNIA,68,1.99E-11
68705,185,Cabecera Municipal,SANTANDER,SANTA BRBARA,68,0.000125104
68152,248,Cabecera Municipal,SANTANDER,CARCAS,68,6.08E-09
68147,81,Cabecera Municipal,SANTANDER,CAPITANEJO,68,0.050694034
68425,97,Cabecera Municipal,SANTANDER,MACARAVITA,68,0.000265513
68686,71,Cabecera Municipal,SANTANDER,SAN MIGUEL,68,4.25E-05
68502,482,Cabecera Municipal,SANTANDER,ONZAGA,68,0.001286198
68682,135,Cabecera Municipal,SANTANDER,SAN JOAQUN,68,0.002611608
68217,554,Cabecera Municipal,SANTANDER,COROMORO,68,8.41E-06
68418,293,Cabecera Municipal,SANTANDER,LOS SANTOS,68,0.193304623
68092,441,Cabecera Municipal,SANTANDER,BETULIA,68,0.670892881
68406,541,Cabecera Municipal,SANTANDER,LEBRIJA,68,0.6804405
68179,85,Cabecera Municipal,SANTANDER,CHIPAT,68,0.001780668
15180,664,Cabecera Municipal,BOYAC,CHISCAS,15,1.36E-07
15248,70,Cabecera Municipal,BOYAC,EL ESPINO,15,5.64E-10
15218,104,Cabecera Municipal,BOYAC,COVARACHA,15,0.010871168
15810,73,Cabecera Municipal,BOYAC,TIPACOQUE,15,3.70E-05
15753,111,Cabecera Municipal,BOYAC,SOAT,15,0.00023134
15500,62,Cabecera Municipal,BOYAC,OICAT,15,5.97E-11
15001,118,CAP. DEPTO,BOYAC,TUNJA,15,8.85E-13
15187,51,Cabecera Municipal,BOYAC,CHIVAT,15,8.92E-13
15814,168,Cabecera Municipal,BOYAC,TOCA,15,1.70E-12
15740,167,Cabecera Municipal,BOYAC,SIACHOQUE,15,2.90E-14
15764,57,Cabecera Municipal,BOYAC,SORAC,15,6.41E-09
15879,64,Cabecera Municipal,BOYAC,VIRACACH,15,7.55E-13
15104,48,Cabecera Municipal,BOYAC,BOYAC,15,1.62E-07
15189,55,Cabecera Municipal,BOYAC,CINEGA,15,1.12E-08
15367,53,Cabecera Municipal,BOYAC,JENESANO,15,1.10E-06
15621,159,Cabecera Municipal,BOYAC,RONDN,15,3.98E-06
15798,49,Cabecera Municipal,BOYAC,TENZA,15,0.000579641
15224,43,Cabecera Municipal,BOYAC,CUCAITA,15,2.00E-15
15762,46,Cabecera Municipal,BOYAC,SORA,15,5.97E-12
15476,61,Cabecera Municipal,BOYAC,MOTAVITA,15,0
15632,251,Cabecera Municipal,BOYAC,SABOY,15,1.70E-10
15293,88,Cabecera Municipal,BOYAC,GACHANTIV,15,1.01E-06
15185,155,Cabecera Municipal,BOYAC,CHITARAQUE,15,0.000616428
15681,165,Cabecera Municipal,BOYAC,SAN PABLO DE BORBUR,15,0.255613753
15212,172,Cabecera Municipal,BOYAC,COPER,15,0.061011282
15480,136,Cabecera Municipal,BOYAC,MUZO,15,0.231686284
15580,184,Cabecera Municipal,BOYAC,QUPAMA,15,0.132402762
15401,111,Cabecera Municipal,BOYAC,LA VICTORIA,15,0.151374374
25885,960,Cabecera Municipal,CUNDINAMARCA,YACOP,25,0.347444319
25878,208,Cabecera Municipal,CUNDINAMARCA,VIOT,25,0.253523884
25281,115,Cabecera Municipal,CUNDINAMARCA,FOSCA,25,2.87E-06
25841,117,Cabecera Municipal,CUNDINAMARCA,UBAQUE,25,3.20E-06
25898,55,Cabecera Municipal,CUNDINAMARCA,ZIPACN,25,2.17E-07
25817,72,Cabecera Municipal,CUNDINAMARCA,TOCANCIP,25,4.57E-10
25295,44,Cabecera Municipal,CUNDINAMARCA,GACHANCIP,25,3.10E-10
25200,132,Cabecera Municipal,CUNDINAMARCA,COGUA,25,9.98E-11
25781,67,Cabecera Municipal,CUNDINAMARCA,SUTATAUSA,25,2.68E-12
25873,235,Cabecera Municipal,CUNDINAMARCA,VILLAPINZN,25,4.54E-13
25224,110,Cabecera Municipal,CUNDINAMARCA,CUCUNUB,25,1.08E-10
25288,87,Cabecera Municipal,CUNDINAMARCA,FQUENE,25,4.16E-10
25779,111,Cabecera Municipal,CUNDINAMARCA,SUSA,25,6.16E-10
88001,24,CAP. DEPTO,"ARCHIPILAGO DE SAN ANDRS, PROVIDENCIA Y SANTA CATALINA",SAN ANDRS,88,NA
23815,110,Cabecera Municipal,CRDOBA,TUCHN,23,1.458251846
19517,1599,Cabecera Municipal,CAUCA,PEZ (Belalczar),19,0.002002765
19701,3009,Cabecera Municipal,CAUCA,SANTA ROSA,19,0.014068635
19318,2885,Cabecera Municipal,CAUCA,GUAPI,19,0.274354938
19809,2002,Cabecera Municipal,CAUCA,TIMBIQU,19,0.369888144
19418,3297,Cabecera Municipal,CAUCA,LPEZ,19,0.326207942
76845,43,Cabecera Municipal,VALLE DEL CAUCA,ULLOA,76,0.141997454
76736,639,Cabecera Municipal,VALLE DEL CAUCA,SEVILLA,76,0.052910694
76109,6785,"Distrito Especiale, Industrial, Portuario, Biodiverso y Ecoturstico.",VALLE DEL CAUCA,BUENAVENTURA,76,0.322188753
52696,1232,Cabecera Municipal,NARIO,SANTA BRBARA (Iscuand),52,0.234395926
52250,2485,Cabecera Municipal,NARIO,EL CHARCO,52,0.173181774
52390,459,Cabecera Municipal,NARIO,LA TOLA,52,0.345602035
52490,990,Cabecera Municipal,NARIO,OLAYA HERRERA (Bocas de Satinga),52,0.290071118
52473,678,Cabecera Municipal,NARIO,MOSQUERA,52,0.996624013
52520,956,Cabecera Municipal,NARIO,FRANCISCO PIZARRO (Salahonda),52,0.123476146
52621,1342,Cabecera Municipal,NARIO,ROBERTO PAYN (San Jos),52,0.298305346
52079,1877,Cabecera Municipal,NARIO,BARBACOAS,52,0.140200097
52612,2422,Cabecera Municipal,NARIO,RICAURTE,52,0.012315829
52227,1265,Cabecera Municipal,NARIO,CUMBAL,52,0.00030519
52224,48,Cabecera Municipal,NARIO,CUASPUD (Carlosama),52,0
52356,1707,Cabecera Municipal,NARIO,IPIALES,52,0.09685033
52207,132,Cabecera Municipal,NARIO,CONSAC,52,3.49E-05
52683,97,Cabecera Municipal,NARIO,SANDON,52,0.00060419
52258,255,Cabecera Municipal,NARIO,EL TABLN,52,1.34E-06
86865,873,Cabecera Municipal,PUTUMAYO,VALLE DEL GUAMUEZ (La Hormiga),86,0.429647761
86757,361,Cabecera Municipal,PUTUMAYO,SAN MIGUEL (La Dorada),86,0.44427868
86320,2026,Cabecera Municipal,PUTUMAYO,ORITO,86,0.181888953
86885,1250,Cabecera Municipal,PUTUMAYO,VILLAGARZN,86,0.033524615
86001,1030,CAP. DEPTO,PUTUMAYO,MOCOA,86,0.026866657
86568,2610,Cabecera Municipal,PUTUMAYO,PUERTO ASS,86,0.355417484
86569,846,Cabecera Municipal,PUTUMAYO,PUERTO CAICEDO,86,0.271092193
86573,10483,Cabecera Municipal,PUTUMAYO,PUERTO LEGUZAMO,86,0.896093371
86571,4340,Cabecera Municipal,PUTUMAYO,PUERTO GUZMN,86,0.358345542
18029,417,Cabecera Municipal,CAQUET,ALBANIA,18,0.193483125
18860,1080,Cabecera Municipal,CAQUET,VALPARASO,18,0.411965809
18785,747,Cabecera Municipal,CAQUET,SOLITA,18,0.380961526
18094,1095,Cabecera Municipal,CAQUET,BELN DE LOS ANDAQUES,18,0.149550791
18001,2292,CAP. DEPTO,CAQUET,FLORENCIA,18,0.166200083
18410,2001,Cabecera Municipal,CAQUET,MONTAITA,18,0.465558158
18256,1336,Cabecera Municipal,CAQUET,EL PAUJIL,18,0.370481135
18247,1027,Cabecera Municipal,CAQUET,EL DONCELLO,18,0.369432353
18592,2791,Cabecera Municipal,CAQUET,PUERTO RICO,18,0.350037294
18753,17873,Cabecera Municipal,CAQUET,SAN VICENTE DEL CAGUN,18,0.846606331
18150,13161,Cabecera Municipal,CAQUET,CARTAGENA DEL CHAIR,18,1.053481214
18756,41653,Cabecera Municipal,CAQUET,SOLANO,18,1.318085857
41206,1538,Cabecera Municipal,HUILA,COLOMBIA,41,0.022313679
41078,737,Cabecera Municipal,HUILA,BARAYA,41,0.396074699
41799,589,Cabecera Municipal,HUILA,TELLO,41,0.81919752
41524,917,Cabecera Municipal,HUILA,PALERMO,41,0.858166979
41615,404,Cabecera Municipal,HUILA,RIVERA,41,0.402271291
41676,378,Cabecera Municipal,HUILA,SANTA MARA,41,0.010501878
41885,349,Cabecera Municipal,HUILA,YAGUAR,41,0.827564469
41349,217,Cabecera Municipal,HUILA,HOBO,41,0.599467233
41357,516,Cabecera Municipal,HUILA,QUIRA,41,0.111387676
41020,672,Cabecera Municipal,HUILA,ALGECIRAS,41,0.007392704
41306,561,Cabecera Municipal,HUILA,GIGANTE,41,0.161543569
41797,369,Cabecera Municipal,HUILA,TESALIA,41,0.289293848
41548,210,Cabecera Municipal,HUILA,PITAL,41,0.081605707
41791,347,Cabecera Municipal,HUILA,TARQUI,41,0.115968477
41378,390,Cabecera Municipal,HUILA,LA ARGENTINA,41,1.22E-05
41660,290,Cabecera Municipal,HUILA,SALADOBLANCO,41,0.001380529
41244,82,Cabecera Municipal,HUILA,ELAS,41,0.03896849
41359,697,Cabecera Municipal,HUILA,ISNOS,41,0.001426545
41551,653,Cabecera Municipal,HUILA,PITALITO,41,0.008054823
73349,310,Cabecera Municipal,TOLIMA,HONDA,73,1.026575458
73055,451,Cabecera Municipal,TOLIMA,ARMERO (Guayabal),73,0.860428193
73270,188,Cabecera Municipal,TOLIMA,FALAN,73,0.264063514
73686,271,Cabecera Municipal,TOLIMA,SANTA ISABEL,73,0.00042016
73001,1439,CAP. DEPTO,TOLIMA,IBAGU,73,0.259476817
73624,733,Cabecera Municipal,TOLIMA,ROVIRA,73,0.117181229
73124,520,Cabecera Municipal,TOLIMA,CAJAMARCA,73,1.26E-06
73622,790,Cabecera Municipal,TOLIMA,RONCESVALLES,73,4.40E-05
73675,407,Cabecera Municipal,TOLIMA,SAN ANTONIO,73,0.003916801
73555,1445,Cabecera Municipal,TOLIMA,PLANADAS,73,0.006394898
73067,1122,Cabecera Municipal,TOLIMA,ATACO,73,0.46421876
73483,862,Cabecera Municipal,TOLIMA,NATAGAIMA,73,1.623560466
73024,517,Cabecera Municipal,TOLIMA,ALPUJARRA,73,0.221468674
73236,672,Cabecera Municipal,TOLIMA,DOLORES,73,0.106365373
73563,448,Cabecera Municipal,TOLIMA,PRADO,73,0.894487073
73585,433,Cabecera Municipal,TOLIMA,PURIFICACIN,73,1.813716843
73504,960,Cabecera Municipal,TOLIMA,ORTEGA,73,1.421018822
73770,194,Cabecera Municipal,TOLIMA,SUREZ,73,1.350342011
73678,425,Cabecera Municipal,TOLIMA,SAN LUIS,73,1.60158258
73148,202,Cabecera Municipal,TOLIMA,CARMEN DE APICAL,73,0.947455376
73449,209,Cabecera Municipal,TOLIMA,MELGAR,73,0.81332352
63272,101,Cabecera Municipal,QUINDIO,FILANDIA,63,0.007495855
63190,87,Cabecera Municipal,QUINDIO,CIRCASIA,63,0.009471182
63594,123,Cabecera Municipal,QUINDIO,QUIMBAYA,63,0.096434446
63001,115,CAP. DEPTO,QUINDIO,ARMENIA,63,0.076809188
63130,208,Cabecera Municipal,QUINDIO,CALARC,63,0.028750455
63212,90,Cabecera Municipal,QUINDIO,CRDOBA,63,0.003733411
66001,702,CAP. DEPTO,RISARALDA,PEREIRA,66,0.129667165
66383,107,Cabecera Municipal,RISARALDA,LA CELIA,66,0.013635324
66687,226,Cabecera Municipal,RISARALDA,SANTUARIO,66,0.060931112
66088,207,Cabecera Municipal,RISARALDA,BELN DE UMBRA,66,0.020385952
66572,632,Cabecera Municipal,RISARALDA,PUEBLO RICO,66,0.01785205
66456,755,Cabecera Municipal,RISARALDA,MISTRAT,66,0.013254074
66318,114,Cabecera Municipal,RISARALDA,GUTICA,66,0.001236398
27250,3756,Cabecera Municipal,CHOC,EL LITORAL DEL SAN JUAN,27,0.301359852
27077,3630,Cabecera Municipal,CHOC,BAJO BAUD  (Pizarro),27,0.22733994
27660,940,Cabecera Municipal,CHOC,SAN JOS DEL PALMAR,27,0.033755137
27413,841,Cabecera Municipal,CHOC,LLOR,27,0.188452477
27025,1532,Cabecera Municipal,CHOC,ALTO BAUD (Pie de Pat),27,0.068706638
27495,1033,Cabecera Municipal,CHOC,NUQU,27,0.136304749
27001,3075,CAP. DEPTO,CHOC,QUIBD,27,0.205422656
27075,976,Cabecera Municipal,CHOC,BAHA SOLANO (Mutis),27,0.389615376
27150,3197,Cabecera Municipal,CHOC,CARMEN DEL DARIN  (Curbarad),27,0.678213146
27615,7046,Cabecera Municipal,CHOC,RIOSUCIO,27,0.369983215
27372,1353,Cabecera Municipal,CHOC,JURAD,27,0.164540626
27800,1307,Cabecera Municipal,CHOC,UNGUA,27,0.605482832
27006,869,Cabecera Municipal,CHOC,ACAND,27,0.39933635
17665,61,Cabecera Municipal,CALDAS,SAN JOS,17,0.105854731
17616,101,Cabecera Municipal,CALDAS,RISARALDA,17,0.125916687
17614,422,Cabecera Municipal,CALDAS,RIOSUCIO,17,0.010472668
17380,574,Cabecera Municipal,CALDAS,LA DORADA,17,1.7163985
17444,94,Cabecera Municipal,CALDAS,MARQUETALIA,17,0.005251598
17433,195,Cabecera Municipal,CALDAS,MANZANARES,17,0.000234783
17446,374,Cabecera Municipal,CALDAS,MARULANDA,17,5.46E-09
17001,477,CAP. DEPTO,CALDAS,MANIZALES,17,0.058117183
5148,453,Cabecera Municipal,ANTIOQUIA,CARMEN DE VIBORAL,5,0.004366967
5360,17,Cabecera Municipal,ANTIOQUIA,ITAG,5,0.031534512
5615,198,Cabecera Municipal,ANTIOQUIA,RIONEGRO,5,9.56E-06
5440,116,Cabecera Municipal,ANTIOQUIA,MARINILLA,5,8.41E-06
5541,145,Cabecera Municipal,ANTIOQUIA,PEOL,5,3.22E-05
5206,169,Cabecera Municipal,ANTIOQUIA,CONCEPCIN,5,0.001293211
5001,387,CAP. DEPTO,ANTIOQUIA,MEDELLN,5,0.017790523
5674,246,Cabecera Municipal,ANTIOQUIA,SAN VICENTE,5,3.49E-05
5240,238,Cabecera Municipal,ANTIOQUIA,EBJICO,5,0.15599394
5044,256,Cabecera Municipal,ANTIOQUIA,ANZ,5,0.208883876
5475,1365,Cabecera Municipal,ANTIOQUIA,MURIND,5,0.626340508
5042,499,Cabecera Municipal,ANTIOQUIA,SANTA FE DE ANTIOQUIA,5,0.148054976
5656,157,Cabecera Municipal,ANTIOQUIA,SAN JERNIMO,5,0.214688953
5761,226,Cabecera Municipal,ANTIOQUIA,SOPETRN,5,0.327775607
5038,392,Cabecera Municipal,ANTIOQUIA,ANGOSTURA,5,0.004258674
5887,733,Cabecera Municipal,ANTIOQUIA,YARUMAL,5,0.008719239
5234,1905,Cabecera Municipal,ANTIOQUIA,DABEIBA,5,0.083699611
5480,1119,Cabecera Municipal,ANTIOQUIA,MUTAT,5,0.238107735
5154,1058,Cabecera Municipal,ANTIOQUIA,CAUCASIA,5,1.729749135
5120,1996,Cabecera Municipal,ANTIOQUIA,CCERES,5,1.235924556
5790,1578,Cabecera Municipal,ANTIOQUIA,TARAZ,5,0.284540472
5837,3090,Cabecera Municipal,ANTIOQUIA,TURBO,5,0.767872486
5490,1377,Cabecera Municipal,ANTIOQUIA,NECOCL,5,0.464146237
5659,241,Cabecera Municipal,ANTIOQUIA,SAN JUAN DE URAB,5,0.566486645
5051,718,Cabecera Municipal,ANTIOQUIA,ARBOLETES,5,0.458582322
23001,3043,CAP. DEPTO,CRDOBA,MONTERA,23,1.387131157
23419,430,Cabecera Municipal,CRDOBA,LOS CRDOBAS,23,0.773642289
23090,394,Cabecera Municipal,CRDOBA,CANALETE,23,0.61767329
23574,417,Cabecera Municipal,CRDOBA,PUERTO ESCONDIDO,23,0.79687466
23500,206,Cabecera Municipal,CRDOBA,MOITOS,23,1.046779368
23675,318,Cabecera Municipal,CRDOBA,SAN BERNARDO DEL VIENTO,23,1.481350613
23672,205,Cabecera Municipal,CRDOBA,SAN ANTERO,23,1.302472148
23168,326,Cabecera Municipal,CRDOBA,CHIM,23,2.028170466
23670,217,Cabecera Municipal,CRDOBA,SAN ANDRS DE SOTAVENTO,23,1.946138859
23182,624,Cabecera Municipal,CRDOBA,CHIN,23,2.271065915
13300,196,Cabecera Municipal,BOLVAR,HATILLO DE LOBA,13,2.642325189
25839,551,Cabecera Municipal,CUNDINAMARCA,UBAL,25,0.139257207
52835,3778,Cabecera Municipal,NARIO,TUMACO,52,0.310229087
54498,463,Cabecera Municipal,NORTE DE SANTANDER,OCAA,54,0.056109432
88564,20,Cabecera Municipal,"ARCHIPILAGO DE SAN ANDRS, PROVIDENCIA Y SANTA CATALINA",SANTA CATALINA,88,NA